id_pedido,dt_pedido,fl_ketchup,desc_uf,txt_recado
0,2023-05-11T10:59:33.000+0000,null,GO,null
1,2023-05-11T11:23:42.000+0000,null,PR,Aquela pizza perfeita! :-D
2,2023-05-11T11:24:29.000+0000,null,SP,Muito obrigado!!
3,2023-05-11T11:29:39.000+0000,null,SP,null
4,2023-05-11T11:31:30.000+0000,null,RS,Capricha no peperoni
5,2023-05-11T11:32:44.000+0000,null,SP,null
6,2023-05-11T11:47:54.000+0000,null,CE,Espero que n√£o dropem minha pizza ^^
7,2023-05-11T11:52:31.000+0000,null,SP,Forno a lenha por favor.
8,2023-05-11T12:01:49.000+0000,null,GO,null
9,2023-05-11T12:18:25.000+0000,TRUE,RJ,null
10,2023-05-11T12:19:47.000+0000,TRUE,GO,"Amo voc√™s, quero dividir a pizza com voc√™s ‚ô•Ô∏è"
11,2023-05-11T12:45:48.000+0000,TRUE,MG,Certeza que vai ser um evento sensacional como todos os que participei desde quando conheci a LinuxTips. #Vai!!!
12,2023-05-11T12:56:52.000+0000,FALSE,SP,Show
13,2023-05-11T13:05:24.000+0000,FALSE,RS,Voc√™s s√£o sensacionais <3
14,2023-05-11T13:33:49.000+0000,TRUE,SP,Espero que esta pizza esteja t√£o boa quanto as outras que voc√™s servem para comunidade
15,2023-05-11T14:19:14.000+0000,FALSE,SP,Capricha!
16,2023-05-11T14:47:39.000+0000,FALSE,SP,#VAIIII <3
17,2023-05-11T15:16:49.000+0000,FALSE,SP,Quero um evento de pizzas mesmo hahaha ia ser mto mara
18,2023-05-11T15:36:52.000+0000,TRUE,SC,null
19,2023-05-11T15:48:08.000+0000,TRUE,BA,"Aguardando muito esse treinamento. O T√©o tem uma excelente did√°tica e o Jeferson como sempre proporcionando conte√∫do para os famintos por conhecimento, rs."
20,2023-05-11T16:40:11.000+0000,TRUE,SP,Brilhem e #VAAAAIIIIIII voc√™s s√£o fodas
21,2023-05-11T16:45:29.000+0000,FALSE,AL,Capricha no peperoni
22,2023-05-11T17:05:02.000+0000,TRUE,SP,capricha no queijo :)
23,2023-05-11T17:22:38.000+0000,TRUE,PR,null
24,2023-05-11T17:41:33.000+0000,FALSE,PR,null
25,2023-05-11T18:02:37.000+0000,TRUE,RJ,null
26,2023-05-11T18:55:53.000+0000,FALSE,RJ,Gostosa demais!!!
27,2023-05-11T19:45:59.000+0000,TRUE,BA,Cuidado com o ponto do camar√£o.
28,2023-05-11T21:33:08.000+0000,FALSE,MG,TOP
29,2023-05-12T01:09:17.000+0000,FALSE,SP,Estou com uma festa em casa e o pessoal est√° cheio de fome. Preciso o mais r√°pido que poss√≠vel a pizza √© bem recheada. R√°pido r√°pido eles est√£o aguardando ansiosos!
30,2023-05-12T09:56:30.000+0000,TRUE,SP,null
31,2023-05-12T15:13:58.000+0000,FALSE,SC,Poderia ter borda de chocolate! Hahaha
32,2023-05-12T15:17:59.000+0000,TRUE,RJ,null
33,2023-05-12T15:34:37.000+0000,FALSE,MG,null
34,2023-05-12T15:34:45.000+0000,TRUE,DF,null
35,2023-05-12T15:45:07.000+0000,TRUE,DF,Voc√™s s√£o FOOOODAS!
36,2023-05-12T15:48:02.000+0000,FALSE,PB,vaiiii!
37,2023-05-12T15:48:17.000+0000,TRUE,RS,null
38,2023-05-12T15:55:35.000+0000,FALSE,BA,Quero saber qual √© a forma definitiva da pron√∫ncia de SQL! Abra√ßo!
39,2023-05-12T16:07:08.000+0000,FALSE,DF,Jo√£o 3.16
40,2023-05-12T16:19:19.000+0000,TRUE,PR,null
41,2023-05-12T16:27:09.000+0000,FALSE,DF,Voc√™s s√£o demais!
42,2023-05-12T16:35:59.000+0000,FALSE,SP,null
43,2023-05-12T16:52:02.000+0000,TRUE,SP,"Voc√™s s√£o massa demais, inspira√ß√£o!"
44,2023-05-12T17:06:11.000+0000,TRUE,SC,null
45,2023-05-12T17:13:16.000+0000,TRUE,PR,Tu vai acabar em Pizza !!!
46,2023-05-12T18:24:24.000+0000,TRUE,SP,Capricha no queijo!
47,2023-05-12T18:35:58.000+0000,FALSE,SP,Capricha no bacon
48,2023-05-12T18:48:00.000+0000,TRUE,MS,Eu moro em Lisboa
49,2023-05-12T19:05:08.000+0000,TRUE,PI,Muito bacana essa intera√ß√£o!!! Sucesso!!
50,2023-05-12T19:08:02.000+0000,TRUE,SP,null
51,2023-05-12T19:21:02.000+0000,TRUE,GO,Muito queijo por favor
52,2023-05-12T19:50:08.000+0000,TRUE,SP,Sucesso!
53,2023-05-12T19:53:51.000+0000,TRUE,SP,Sem cebola rsrsrs
54,2023-05-12T20:22:35.000+0000,FALSE,SP,null
55,2023-05-12T20:47:23.000+0000,FALSE,SP,"Voces sao fera, tamo junto!"
56,2023-05-12T20:49:42.000+0000,TRUE,SC,"Entrega na portaria, por favor"
57,2023-05-12T20:54:45.000+0000,TRUE,RS,Os cursos mais fodas est√£o aqui na LinuxTips!
58,2023-05-12T20:55:57.000+0000,FALSE,SP,null
59,2023-05-12T21:09:39.000+0000,TRUE,RS,Vaiiiiii
60,2023-05-12T21:22:54.000+0000,FALSE,ES,VAIIIII
61,2023-05-12T21:23:58.000+0000,FALSE,RJ,null
62,2023-05-12T21:38:00.000+0000,TRUE,SC,"Parab√©ns pela din√¢mica, deixa ainda mais divertida a tal ""arte de aprender"". Show!!"
63,2023-05-12T21:43:09.000+0000,FALSE,SP,Obrigado
64,2023-05-12T22:15:54.000+0000,FALSE,PE,null
65,2023-05-12T22:39:36.000+0000,FALSE,MT,null
66,2023-05-12T22:41:04.000+0000,FALSE,SP,Pizza bem passada
67,2023-05-12T22:46:46.000+0000,FALSE,SP,null
68,2023-05-12T23:05:46.000+0000,TRUE,SP,null
69,2023-05-12T23:08:45.000+0000,FALSE,PE,null
70,2023-05-12T23:41:49.000+0000,TRUE,SP,"A√≠ sim, trouxe o melhor cara de dados, agora s√≥ falta a parceria com a Databricks hahaha"
71,2023-05-13T00:03:18.000+0000,TRUE,SP,Voc√™s s√£o froids
72,2023-05-13T00:57:04.000+0000,FALSE,SP,massa no fogo!
73,2023-05-13T05:39:17.000+0000,TRUE,RJ,Quando voces entregam a pizza? (haha)
74,2023-05-13T07:47:04.000+0000,FALSE,RN,Boa pra cima!
75,2023-05-13T08:38:24.000+0000,FALSE,SP,null
76,2023-05-13T08:52:14.000+0000,FALSE,MG,null
77,2023-05-13T09:01:43.000+0000,FALSE,MG,Agrade√ßo pela boa vontade em oferecer um curso gratuito
78,2023-05-13T09:24:00.000+0000,FALSE,ES,N√£o deixe queimar a pizza
79,2023-05-13T09:55:56.000+0000,TRUE,RJ,"Nada de ficar fazendo malabarismo com a massa, hein"
80,2023-05-13T10:03:10.000+0000,FALSE,SP,Sorteia uns cursos pra n√≥s
81,2023-05-13T10:38:55.000+0000,TRUE,CE,null
82,2023-05-13T11:30:18.000+0000,FALSE,SP,null
83,2023-05-13T11:36:15.000+0000,FALSE,RJ,Favor cortar em formato de pentagrama invertido.
84,2023-05-13T11:40:12.000+0000,FALSE,DF,null
85,2023-05-13T11:48:06.000+0000,TRUE,GO,null
86,2023-05-13T11:49:24.000+0000,TRUE,SP,Vai ser demais esse intensivo
87,2023-05-13T11:56:10.000+0000,FALSE,SP,null
88,2023-05-13T12:16:02.000+0000,TRUE,RJ,null
89,2023-05-13T12:23:30.000+0000,FALSE,RJ,null
90,2023-05-13T12:34:32.000+0000,TRUE,CE,null
91,2023-05-13T12:57:01.000+0000,FALSE,SP,null
92,2023-05-13T14:03:41.000+0000,FALSE,PE,null
93,2023-05-13T14:09:47.000+0000,FALSE,SP,null
94,2023-05-13T14:27:23.000+0000,TRUE,RN,"Essas iniciativas ajudam bastante quem t√° na correria do dia-a-dia para tentar da uma vida melhor para a fam√≠lia e tem que enfrentar os obst√°culos da vida, parab√©ns pela iniciativa, muito obrigado pela oportunidade!"
95,2023-05-13T14:35:59.000+0000,FALSE,MT,"Gosto da minha pizza com massa fina e crocante e os ingredientes da cobertura n√£o podem ser em excesso, onde o sabor de um se sobressai ao outro."
96,2023-05-13T15:01:23.000+0000,TRUE,PI,null
97,2023-05-13T15:20:52.000+0000,FALSE,CE,null
98,2023-05-13T15:41:12.000+0000,FALSE,MG,Sem cebola
99,2023-05-13T16:29:04.000+0000,FALSE,PR,S√≥ agradecer e dizer que o T√©o √© o Calvo mais cabeludo que eu j√° vi. rs
100,2023-05-13T16:46:30.000+0000,TRUE,SP,"Quero bacon em peda√ßos, n√£o em fatias, obrigado!"
101,2023-05-13T16:58:50.000+0000,FALSE,SP,Arrasa !
102,2023-05-13T18:28:26.000+0000,TRUE,RJ,null
103,2023-05-13T18:34:30.000+0000,FALSE,GO,"Me contrata, nunca pedi nada!"
104,2023-05-13T19:43:50.000+0000,FALSE,SP,null
105,2023-05-13T20:12:30.000+0000,FALSE,CE,null
106,2023-05-13T20:34:14.000+0000,TRUE,GO,null
107,2023-05-13T21:08:51.000+0000,FALSE,PR,null
108,2023-05-13T21:58:49.000+0000,TRUE,RS,null
109,2023-05-13T22:14:21.000+0000,FALSE,CE,Faltou o refrigerante zero
110,2023-05-13T22:58:13.000+0000,TRUE,ES,null
111,2023-05-13T23:33:55.000+0000,FALSE,SP,null
112,2023-05-13T23:40:43.000+0000,TRUE,MG,Capricha na cogumelo e se poss√≠vle faz a pizza a palito. Parab√©ns pelo material que oferem √© incrivel.
113,2023-05-14T00:14:34.000+0000,TRUE,SP,S√≥ aguardando o preparo da pizza com o capricho de sempre! Vaaaiiii!!!
114,2023-05-14T04:44:51.000+0000,FALSE,RJ,SQL - Salve Querido Linuxtips
115,2023-05-14T06:53:14.000+0000,TRUE,PR,Vai acabar tudo em Pizza !!!
116,2023-05-14T07:21:37.000+0000,FALSE,BA,Tem que chegar quente!
117,2023-05-14T08:08:52.000+0000,FALSE,SP,null
118,2023-05-14T09:32:54.000+0000,TRUE,PB,Capricha no gorgonzola e manda sach√™ de mostarda porfavor
119,2023-05-14T12:11:35.000+0000,FALSE,RS,null
120,2023-05-14T14:48:37.000+0000,FALSE,RJ,Caprichem hein!!
121,2023-05-14T15:52:33.000+0000,TRUE,SP,Capricha na PIZZA!!!
122,2023-05-14T16:09:07.000+0000,TRUE,RJ,null
123,2023-05-14T16:12:15.000+0000,TRUE,PA,null
124,2023-05-14T16:22:37.000+0000,FALSE,ES,me v√™ uma none pizza with left beef
125,2023-05-14T16:35:09.000+0000,TRUE,SP,null
126,2023-05-14T18:08:31.000+0000,TRUE,GO,Bota pra assar!!!
127,2023-05-14T18:38:38.000+0000,FALSE,SP,"Obrigada por disponibilizar conte√∫dos f*das para todos! Espero conseguir chegar no n√≠vel de voc√™s para tamb√©m compartilhar conhecimento! Um abra√ßo, Adelita."
128,2023-05-14T19:07:06.000+0000,FALSE,SP,Estou ansioso para o treinamento
129,2023-05-14T19:14:14.000+0000,TRUE,GO,null
130,2023-05-14T19:36:32.000+0000,FALSE,SP,null
131,2023-05-14T19:55:46.000+0000,FALSE,RJ,Favor adicionar or√©gano e pouco molho de tomate! Obrigada!
132,2023-05-14T21:50:41.000+0000,TRUE,GO,Pizza que √© good nois n√£o have
133,2023-05-14T23:12:40.000+0000,TRUE,GO,null
134,2023-05-14T23:38:42.000+0000,FALSE,RS,"Explica de vagar por que eu n√£o entendo nada. Parab√©ns pessoal! At√© breve!"""
135,2023-05-15T02:25:38.000+0000,TRUE,PE,null
136,2023-05-15T07:44:46.000+0000,TRUE,SP,null
137,2023-05-15T07:54:31.000+0000,TRUE,RJ,Me parece que o comunismo cresce
138,2023-05-15T08:26:26.000+0000,TRUE,MG,null
139,2023-05-15T08:36:15.000+0000,TRUE,PR,null
140,2023-05-15T08:50:03.000+0000,TRUE,SP,N
141,2023-05-15T08:53:53.000+0000,TRUE,PR,null
142,2023-05-15T08:58:23.000+0000,FALSE,SC,null
143,2023-05-15T09:03:05.000+0000,FALSE,PR,VAIIII!!!
144,2023-05-15T09:17:08.000+0000,FALSE,MG,null
145,2023-05-15T09:28:23.000+0000,TRUE,RS,null
146,2023-05-15T09:28:44.000+0000,TRUE,CE,null
147,2023-05-15T09:59:50.000+0000,TRUE,RJ,null
148,2023-05-15T10:59:31.000+0000,TRUE,RJ,null
149,2023-05-15T11:56:49.000+0000,FALSE,MG,Bota queijo vegano na pr√≥xima pesquisa hehehehe
150,2023-05-15T12:04:43.000+0000,TRUE,MG,null
151,2023-05-15T12:55:34.000+0000,TRUE,BA,null
152,2023-05-15T12:57:46.000+0000,FALSE,SP,null
153,2023-05-15T13:00:56.000+0000,FALSE,ES,√â uma pizza vegana.
154,2023-05-15T13:18:46.000+0000,FALSE,CE,Vcs s√£o muito massa! üòéüòé
155,2023-05-15T14:03:25.000+0000,TRUE,DF,Refrigerante zero! :)
156,2023-05-15T14:37:43.000+0000,TRUE,PB,null
157,2023-05-15T14:38:40.000+0000,FALSE,PR,Queroe al bem tostada por gentileza e com bastante manjeric√£o
158,2023-05-15T14:38:49.000+0000,FALSE,SP,null
159,2023-05-15T16:16:44.000+0000,TRUE,ES,null
160,2023-05-15T18:11:49.000+0000,FALSE,MT,"Quentinha, valeu!"
161,2023-05-15T18:27:26.000+0000,FALSE,MT,null
162,2023-05-15T19:34:37.000+0000,FALSE,PR,null
163,2023-05-15T19:48:09.000+0000,TRUE,BA,Fazer a pizza em forno a lenha.
164,2023-05-15T19:59:30.000+0000,TRUE,SP,null
165,2023-05-15T20:15:58.000+0000,FALSE,RS,null
166,2023-05-15T20:36:22.000+0000,FALSE,SP,null
167,2023-05-15T21:09:09.000+0000,TRUE,RO,null
168,2023-05-15T21:23:34.000+0000,FALSE,SC,null
169,2023-05-15T21:54:15.000+0000,FALSE,MG,null
170,2023-05-15T23:02:43.000+0000,TRUE,RS,Vamos a todo vapooor!!!
171,2023-05-15T23:30:52.000+0000,FALSE,DF,null
172,2023-05-16T03:46:53.000+0000,TRUE,ES,Let's go
173,2023-05-16T07:24:01.000+0000,TRUE,SP,Obrigado
174,2023-05-16T07:24:26.000+0000,TRUE,RJ,null
175,2023-05-16T08:15:15.000+0000,FALSE,SP,Capricha na mussarela
176,2023-05-16T08:37:37.000+0000,FALSE,RJ,Obrigada
177,2023-05-16T09:29:47.000+0000,TRUE,CE,null
178,2023-05-16T09:30:19.000+0000,FALSE,SP,null
179,2023-05-16T09:47:38.000+0000,TRUE,RN,null
180,2023-05-16T11:18:18.000+0000,TRUE,PE,Espero q entregue em Pernambuco.
181,2023-05-16T11:27:28.000+0000,TRUE,SP,null
182,2023-05-16T13:08:14.000+0000,TRUE,RJ,Parab√©ns pela iniciativa MASSA :D
183,2023-05-16T13:34:35.000+0000,FALSE,RS,null
184,2023-05-16T14:13:50.000+0000,TRUE,SP,null
185,2023-05-16T15:51:07.000+0000,TRUE,MT,De da √Ågua na Boca
186,2023-05-16T15:52:52.000+0000,FALSE,MG,null
187,2023-05-16T15:54:04.000+0000,FALSE,SP,Fazer pizza √© t√£o simples quanto voar. VAAIIII
188,2023-05-16T15:56:43.000+0000,TRUE,PR,null
189,2023-05-16T15:59:57.000+0000,FALSE,SP,null
190,2023-05-16T16:03:58.000+0000,FALSE,SP,null
191,2023-05-16T16:04:34.000+0000,TRUE,SC,null
192,2023-05-16T16:11:57.000+0000,TRUE,RS,Capricha nos quejos! hahah
193,2023-05-16T16:12:54.000+0000,TRUE,MG,#VAAAI
194,2023-05-16T16:18:04.000+0000,FALSE,SP,null
195,2023-05-16T16:24:19.000+0000,FALSE,RS,Desejo a todos uma linda e rica experi√™ncia.  Obrigada pela oportunidade!
196,2023-05-16T16:33:52.000+0000,TRUE,BA,null
197,2023-05-16T17:04:04.000+0000,TRUE,MT,null
198,2023-05-16T17:16:11.000+0000,FALSE,RS,null
199,2023-05-16T17:31:20.000+0000,TRUE,MG,null
200,2023-05-16T17:43:03.000+0000,TRUE,BA,"inclua nesse pedido, uma por√ß√£o grande de aprendizado"
201,2023-05-16T18:27:43.000+0000,TRUE,MA,Obligado
202,2023-05-16T19:36:34.000+0000,TRUE,SP,entrega do projeto pontual. vaaaiii!
203,2023-05-16T19:39:35.000+0000,FALSE,SP,null
204,2023-05-16T20:00:49.000+0000,FALSE,SP,null
205,2023-05-16T20:08:23.000+0000,FALSE,SP,#Vaaaaaaaaaaai
206,2023-05-16T20:33:16.000+0000,FALSE,SP,null
207,2023-05-16T20:37:29.000+0000,TRUE,RJ,null
208,2023-05-16T20:41:47.000+0000,FALSE,PR,null
209,2023-05-16T20:57:43.000+0000,TRUE,SE,Iniciativas como essas t√° ajudando muito nesse momento de lay off onde as empresas passaram a pedir SQL. Muito obrigada pela oportunidade de aprender com voc√™s!
210,2023-05-16T21:13:51.000+0000,FALSE,PE,brabos dms
211,2023-05-16T21:43:58.000+0000,TRUE,GO,Zika da Gal√°xia
212,2023-05-16T22:16:05.000+0000,TRUE,RJ,null
213,2023-05-16T22:50:56.000+0000,FALSE,CE,"N√£o se preocupem, vou esperar na portaria, entregador n√£o precisa e n√£o deve subir! :]"
214,2023-05-16T23:44:54.000+0000,TRUE,MG,null
215,2023-05-17T08:35:00.000+0000,FALSE,SP,"voc√™s s√£o demais, quero apresender cada vez mais com voc√™s"
216,2023-05-17T08:36:50.000+0000,FALSE,SP,Mamma mia
217,2023-05-17T09:14:36.000+0000,TRUE,SP,Caprichar na Cebola
218,2023-05-17T09:25:39.000+0000,TRUE,MG,null
219,2023-05-17T09:28:31.000+0000,FALSE,SC,Caprichem no recheio! :D
220,2023-05-17T10:20:22.000+0000,TRUE,RJ,null
221,2023-05-17T10:29:46.000+0000,FALSE,PR,Pra cima pi√°zada! Evento ser√° top!
222,2023-05-17T10:52:46.000+0000,FALSE,SC,Bora la
223,2023-05-17T10:55:05.000+0000,TRUE,SC,Capricha no recheio!
224,2023-05-17T10:56:39.000+0000,FALSE,MG,Caprichar no recheio
225,2023-05-17T11:12:43.000+0000,FALSE,PE,caprichem!
226,2023-05-17T11:33:29.000+0000,FALSE,SP,null
227,2023-05-17T11:34:34.000+0000,TRUE,PE,null
228,2023-05-17T11:46:01.000+0000,TRUE,CE,null
229,2023-05-17T12:11:53.000+0000,FALSE,MG,Se tiver maionese temperada eu aceito.
230,2023-05-17T12:18:13.000+0000,FALSE,PR,null
231,2023-05-17T12:26:05.000+0000,FALSE,BA,null
232,2023-05-17T12:30:10.000+0000,TRUE,RJ,null
233,2023-05-17T12:42:21.000+0000,FALSE,AL,VAI!!
234,2023-05-17T12:42:26.000+0000,FALSE,SP,null
235,2023-05-17T13:15:41.000+0000,FALSE,SP,Mamamia
236,2023-05-17T13:24:11.000+0000,TRUE,RN,Mostarda tamb√©m!
237,2023-05-17T14:55:07.000+0000,TRUE,PE,null
238,2023-05-17T15:17:13.000+0000,FALSE,SP,null
239,2023-05-17T16:30:18.000+0000,FALSE,PE,null
240,2023-05-17T16:34:30.000+0000,FALSE,PE,null
241,2023-05-17T17:13:52.000+0000,TRUE,SP,Cad√™ as op√ß√µes de Pizza Vegan? cad√™ o manjeric√£o?
242,2023-05-17T17:23:19.000+0000,FALSE,SP,null
243,2023-05-17T19:55:59.000+0000,TRUE,RJ,N√£o.
244,2023-05-17T20:52:27.000+0000,TRUE,SP,null
245,2023-05-17T21:55:17.000+0000,TRUE,ES,null
246,2023-05-18T01:33:54.000+0000,TRUE,SP,#VAAAAAI
247,2023-05-18T08:32:06.000+0000,TRUE,CE,favor enviar o maionese e ketchup
248,2023-05-18T08:32:43.000+0000,FALSE,PB,null
249,2023-05-18T09:27:47.000+0000,FALSE,RS,null
250,2023-05-18T09:36:49.000+0000,FALSE,RS,null
251,2023-05-18T09:38:39.000+0000,TRUE,RS,null
252,2023-05-18T10:01:51.000+0000,TRUE,SP,null
253,2023-05-18T10:16:54.000+0000,TRUE,RO,Capricha na borda
254,2023-05-18T12:04:37.000+0000,FALSE,RS,null
255,2023-05-18T12:14:16.000+0000,FALSE,SP,null
256,2023-05-18T12:53:42.000+0000,TRUE,GO,null
257,2023-05-18T13:42:10.000+0000,TRUE,SP,Confio na tua habilidade.
258,2023-05-18T13:50:46.000+0000,TRUE,SP,null
259,2023-05-18T13:58:08.000+0000,TRUE,SP,Por que n√£o inovar e come√ßar usar borda de chocolate na pizza salgada? Rs
260,2023-05-18T15:27:07.000+0000,FALSE,DF,Capricha !!!
261,2023-05-18T16:29:25.000+0000,FALSE,SC,null
262,2023-05-18T16:42:53.000+0000,FALSE,PE,null
263,2023-05-18T17:08:57.000+0000,FALSE,AL,null
264,2023-05-18T18:46:16.000+0000,FALSE,PE,null
265,2023-05-19T00:13:57.000+0000,FALSE,PI,Nao economiza no cheddar
266,2023-05-19T07:52:38.000+0000,FALSE,SP,null
267,2023-05-19T08:05:39.000+0000,TRUE,BA,null
268,2023-05-19T09:29:44.000+0000,FALSE,RJ,null
269,2023-05-19T10:26:01.000+0000,TRUE,SE,Capricha no queijo de Cabra por favor!
270,2023-05-19T10:30:40.000+0000,FALSE,RJ,null
271,2023-05-19T11:52:47.000+0000,TRUE,SP,null
272,2023-05-19T11:59:32.000+0000,FALSE,SP,Capricha
273,2023-05-19T12:47:32.000+0000,FALSE,SP,pizza grande por favor
274,2023-05-19T12:51:49.000+0000,FALSE,MG,null
275,2023-05-19T14:46:43.000+0000,FALSE,SP,null
276,2023-05-19T15:29:09.000+0000,TRUE,SP,null
277,2023-05-19T15:40:39.000+0000,TRUE,MA,null
278,2023-05-19T15:43:14.000+0000,FALSE,BA,null
279,2023-05-19T16:13:34.000+0000,TRUE,PR,null
280,2023-05-19T17:15:45.000+0000,FALSE,SP,Muito obrigado pelo seu esfor√ßo em nos passar conte√∫do gratuito.
281,2023-05-19T17:39:30.000+0000,TRUE,GO,Vcs s√£o feras!
282,2023-05-19T20:05:18.000+0000,FALSE,BA,null
283,2023-05-19T22:29:00.000+0000,FALSE,SP,Massa fina!
284,2023-05-19T22:47:16.000+0000,TRUE,SP,Capricha na pimenta! Tks
285,2023-05-20T00:18:29.000+0000,FALSE,TO,null
286,2023-05-20T06:10:55.000+0000,FALSE,PE,null
287,2023-05-20T13:52:47.000+0000,FALSE,MG,null
288,2023-05-20T15:30:36.000+0000,FALSE,SP,J√° acompanho ambos nas redes sociais. Parab√©ns pelo trabalho dos dois. Muito obrigado pelo workshop gratuito!
289,2023-05-20T18:28:57.000+0000,TRUE,PR,null
290,2023-05-20T21:43:04.000+0000,FALSE,SP,Capricha no recheio a√™
291,2023-05-21T08:12:38.000+0000,TRUE,MG,null
292,2023-05-21T15:29:35.000+0000,FALSE,RN,null
293,2023-05-21T17:24:48.000+0000,FALSE,RJ,Voc√™s s√£o fodas! A linuxtips √© foda!
294,2023-05-21T19:23:16.000+0000,TRUE,RS,null
295,2023-05-21T21:05:48.000+0000,TRUE,RJ,Continuem com o trabalho FODASTICOO
296,2023-05-21T23:28:38.000+0000,TRUE,SP,null
297,2023-05-22T01:07:02.000+0000,FALSE,MT,"√â a primeira pizza com br√≥colis que pe√ßo, estou curiosa (sou p√©ssima em combina√ß√µes culin√°rias)."
298,2023-05-22T07:13:31.000+0000,FALSE,RJ,Agrade√ßo a voc√™s pelo o que est√£o oferecendo.
299,2023-05-22T09:21:38.000+0000,TRUE,RJ,null
300,2023-05-22T10:23:11.000+0000,TRUE,MG,null
301,2023-05-22T12:52:52.000+0000,TRUE,RJ,"Fatiado em 8 peda√ßos, por favor (: hahah"
302,2023-05-22T14:57:04.000+0000,FALSE,DF,Me ajuda na transi√ß√£o de carreira
303,2023-05-22T15:13:06.000+0000,TRUE,SP,Bora comer essa pizza?!
304,2023-05-22T16:05:10.000+0000,FALSE,GO,Ansioso!!
305,2023-05-22T16:13:43.000+0000,TRUE,SC,null
306,2023-05-22T17:55:43.000+0000,TRUE,PA,#VAAAAIII
307,2023-05-22T19:17:26.000+0000,FALSE,SP,Sucesso
308,2023-05-22T19:33:25.000+0000,TRUE,SP,Estou ansiosa para comer essa pizza rsrsr
309,2023-05-22T19:52:19.000+0000,TRUE,RJ,null
310,2023-05-22T22:29:08.000+0000,TRUE,MG,null
311,2023-05-22T23:39:44.000+0000,FALSE,SP,null
312,2023-05-23T00:25:53.000+0000,FALSE,SP,S2
313,2023-05-23T08:21:46.000+0000,FALSE,RJ,null
314,2023-05-23T08:21:59.000+0000,FALSE,PR,Brabos
315,2023-05-23T08:22:31.000+0000,TRUE,AM,"Para viagem, por favor!"
316,2023-05-23T08:22:57.000+0000,TRUE,MG,null
317,2023-05-23T08:23:51.000+0000,TRUE,ES,null
318,2023-05-23T08:24:06.000+0000,TRUE,RS,null
319,2023-05-23T08:24:06.000+0000,FALSE,PB,"Caprichem no curso, digo, na pizza!"
320,2023-05-23T08:24:58.000+0000,TRUE,SE,null
321,2023-05-23T08:26:43.000+0000,TRUE,ES,null
322,2023-05-23T08:30:53.000+0000,FALSE,SP,null
323,2023-05-23T08:31:31.000+0000,FALSE,MG,Um abra√ßo do Lucas Carlos
324,2023-05-23T08:32:05.000+0000,TRUE,MA,Sua Pizzazinha √© uma del√≠cinha
325,2023-05-23T08:32:43.000+0000,TRUE,RJ,"Obrigado pela iniciativa, o T√©o Calvo √© nota 1000"
326,2023-05-23T08:35:48.000+0000,TRUE,MG,null
327,2023-05-23T08:36:30.000+0000,TRUE,GO,"Fiquei triste por n√£o ter borda doce :/ Parab√©ns pelo projeto, voc√™s s√£o demais!"
328,2023-05-23T08:38:12.000+0000,TRUE,SP,null
329,2023-05-23T08:38:29.000+0000,TRUE,RJ,null
330,2023-05-23T08:38:30.000+0000,TRUE,SP,Capricha no bacon a√≠
331,2023-05-23T08:45:26.000+0000,TRUE,AL,"Pizza tem recheio ou cobertura? Sucesso! voc√™s s√£o brabos."""
332,2023-05-23T08:45:57.000+0000,TRUE,SC,Ansiosa .
333,2023-05-23T08:46:15.000+0000,FALSE,PE,null
334,2023-05-23T08:46:55.000+0000,TRUE,GO,Capricha na borda de Cream Cheese
335,2023-05-23T08:47:20.000+0000,TRUE,MG,null
336,2023-05-23T08:47:23.000+0000,TRUE,RS,Mamma Mia!
337,2023-05-23T08:47:54.000+0000,FALSE,SP,null
338,2023-05-23T08:49:19.000+0000,TRUE,GO,Parabens pela iniciativa pizzaiolos bonitos!!!!!
339,2023-05-23T08:49:46.000+0000,TRUE,SP,null
340,2023-05-23T08:50:15.000+0000,TRUE,PR,Queijo veg pls
341,2023-05-23T08:54:27.000+0000,FALSE,SP,Venceremos!
342,2023-05-23T08:59:15.000+0000,TRUE,MG,null
343,2023-05-23T09:03:47.000+0000,FALSE,SP,null
344,2023-05-23T09:03:52.000+0000,FALSE,RJ,null
345,2023-05-23T09:05:37.000+0000,FALSE,BA,Massa fina por favor! Risos!
346,2023-05-23T09:09:45.000+0000,FALSE,SP,Capricha na borda! No Ketchup rs
347,2023-05-23T09:13:59.000+0000,FALSE,SP,null
348,2023-05-23T09:16:11.000+0000,FALSE,SC,null
349,2023-05-23T09:16:15.000+0000,FALSE,SP,"Entrega rapida, por favor"
350,2023-05-23T09:16:16.000+0000,FALSE,SP,null
351,2023-05-23T09:19:42.000+0000,TRUE,ES,Desejo-lhes muita paz de esp√≠rito para poder ministrar as aulas com sabedoria.
352,2023-05-23T09:21:55.000+0000,TRUE,AC,null
353,2023-05-23T09:22:09.000+0000,FALSE,MT,null
354,2023-05-23T09:22:37.000+0000,FALSE,SP,null
355,2023-05-23T09:24:16.000+0000,FALSE,RJ,Enche de queijo
356,2023-05-23T09:24:25.000+0000,TRUE,MG,null
357,2023-05-23T09:30:17.000+0000,FALSE,PR,null
358,2023-05-23T09:32:33.000+0000,FALSE,MG,null
359,2023-05-23T09:35:09.000+0000,FALSE,SP,No capricho
360,2023-05-23T09:35:20.000+0000,TRUE,GO,null
361,2023-05-23T09:38:10.000+0000,TRUE,MG,null
362,2023-05-23T09:38:58.000+0000,TRUE,SP,Capricha no bacon!
363,2023-05-23T09:41:05.000+0000,FALSE,SC,"Valeu pessoal, voc√™s s√£o feras!"
364,2023-05-23T09:42:19.000+0000,TRUE,RJ,Voc√™s s√£o brabos!!!
365,2023-05-23T09:44:23.000+0000,FALSE,SP,null
366,2023-05-23T09:44:32.000+0000,FALSE,RJ,null
367,2023-05-23T09:47:57.000+0000,FALSE,SP,estou FAMINTO para aprender SQL!!
368,2023-05-23T09:48:46.000+0000,FALSE,BA,null
369,2023-05-23T09:49:24.000+0000,FALSE,MG,null
370,2023-05-23T09:50:14.000+0000,FALSE,RJ,Vamos por a m√£o na massa!!!!!
371,2023-05-23T09:50:23.000+0000,TRUE,MG,null
372,2023-05-23T09:51:14.000+0000,FALSE,RJ,Pizza se come com a m√£o! Abra√ßo do pessoal de estat√≠stica da ufjf! R+Python+SQL
373,2023-05-23T09:51:25.000+0000,TRUE,DF,Caprichem na mussarela.
374,2023-05-23T09:52:17.000+0000,FALSE,RN,"Faltou o tamanho, quantidade e se era rod√≠zio ou n√£o."
375,2023-05-23T09:53:51.000+0000,TRUE,CE,Quero ligeiro
376,2023-05-23T09:54:58.000+0000,FALSE,SP,null
377,2023-05-23T09:55:03.000+0000,TRUE,CE,Fome!!!!!!!!!!!!!! rsrsrsrs
378,2023-05-23T09:56:08.000+0000,FALSE,MG,null
379,2023-05-23T10:01:07.000+0000,FALSE,SP,Um beijo pra voc√™s!!!
380,2023-05-23T10:02:13.000+0000,FALSE,ES,Obrigado pela aula!
381,2023-05-23T10:07:48.000+0000,FALSE,SP,null
382,2023-05-23T10:12:46.000+0000,FALSE,ES,null
383,2023-05-23T10:13:52.000+0000,TRUE,BA,Assa essa a√≠ com carinho
384,2023-05-23T10:14:00.000+0000,FALSE,SP,Que seja una Bella Pizza!!!!
385,2023-05-23T10:16:35.000+0000,FALSE,PR,null
386,2023-05-23T10:17:42.000+0000,FALSE,MG,null
387,2023-05-23T10:17:55.000+0000,FALSE,SP,null
388,2023-05-23T10:23:28.000+0000,TRUE,SC,null
389,2023-05-23T10:26:25.000+0000,TRUE,SP,Gostaria do recheio de maneira uniforme e fazer a cara do mickey com a lingui√ßa calabresa defumada.
390,2023-05-23T10:34:54.000+0000,FALSE,SP,null
391,2023-05-23T10:38:30.000+0000,TRUE,SP,null
392,2023-05-23T10:39:40.000+0000,FALSE,CE,null
393,2023-05-23T10:42:31.000+0000,FALSE,DF,a excel√™ncia na qualidade fideliza clientes
394,2023-05-23T10:44:54.000+0000,TRUE,RJ,Mande bem crocante!
395,2023-05-23T10:50:55.000+0000,TRUE,SC,null
396,2023-05-23T10:51:40.000+0000,FALSE,SC,null
397,2023-05-23T10:53:30.000+0000,TRUE,PA,Pode caprichar no bacon
398,2023-05-23T11:01:43.000+0000,FALSE,ES,null
399,2023-05-23T11:07:57.000+0000,TRUE,PR,null
400,2023-05-23T11:12:55.000+0000,TRUE,SC,null
401,2023-05-23T11:19:17.000+0000,TRUE,MG,"Ol√°, gostaria de entender como √© feita a integra√ß√£o, do banco de dados com um programa em python."
402,2023-05-23T11:21:13.000+0000,TRUE,SP,null
403,2023-05-23T11:25:52.000+0000,TRUE,RJ,null
404,2023-05-23T11:33:00.000+0000,FALSE,RJ,Capricha que hoje estou triste!
405,2023-05-23T11:38:11.000+0000,TRUE,PR,null
406,2023-05-23T11:41:17.000+0000,TRUE,SP,null
407,2023-05-23T11:44:15.000+0000,TRUE,RJ,Ansiosa pra conhecer a din√¢mica da Pizza Query! :)
408,2023-05-23T11:45:13.000+0000,FALSE,SP,null
409,2023-05-23T11:48:14.000+0000,FALSE,SP,"Por favor n√£o queime as bordas, n√£o acrescente cebola nem cebolinha (por engano), mas se tiver manjeric√£o, pode acrescentar."
410,2023-05-23T11:52:43.000+0000,TRUE,PR,Vaaaaaiiiii!
411,2023-05-23T12:07:14.000+0000,FALSE,MG,Parab√©ns pela iniciativa e continuem fornecendo um conte√∫do t√£o precioso como esse! O mundo agradece
412,2023-05-23T12:14:16.000+0000,FALSE,SP,"Entrega r√°pida, estou morrendo de fome!!!!!"
413,2023-05-23T12:18:39.000+0000,FALSE,SP,null
414,2023-05-23T12:20:37.000+0000,FALSE,SP,Gratina o queijo e por favor deixe a base da massa crocante
415,2023-05-23T12:24:32.000+0000,TRUE,ES,null
416,2023-05-23T12:24:38.000+0000,FALSE,RJ,null
417,2023-05-23T12:28:29.000+0000,FALSE,PR,null
418,2023-05-23T12:32:58.000+0000,TRUE,RJ,null
419,2023-05-23T12:33:12.000+0000,FALSE,SP,null
420,2023-05-23T12:37:48.000+0000,FALSE,SP,null
421,2023-05-23T12:46:57.000+0000,TRUE,SP,null
422,2023-05-23T12:58:37.000+0000,TRUE,SP,null
423,2023-05-23T13:00:25.000+0000,FALSE,PB,Valeu!
424,2023-05-23T13:01:41.000+0000,FALSE,MG,null
425,2023-05-23T13:13:39.000+0000,TRUE,RJ,null
426,2023-05-23T13:14:49.000+0000,FALSE,PR,null
427,2023-05-23T13:25:49.000+0000,FALSE,SP,De a ordem camaradas
428,2023-05-23T13:30:31.000+0000,TRUE,RJ,null
429,2023-05-23T13:34:09.000+0000,TRUE,MG,null
430,2023-05-23T13:50:41.000+0000,FALSE,BA,"forno aceso aqui no Bairro de Brotas, na cidade de Salvador, na Bahia."
431,2023-05-23T13:51:31.000+0000,FALSE,SC,null
432,2023-05-23T13:52:25.000+0000,FALSE,SP,Capricha na borda chefe!
433,2023-05-23T13:56:43.000+0000,FALSE,RJ,null
434,2023-05-23T13:58:18.000+0000,TRUE,MG,null
435,2023-05-23T14:07:37.000+0000,FALSE,RS,null
436,2023-05-23T14:08:44.000+0000,TRUE,SC,null
437,2023-05-23T14:29:05.000+0000,FALSE,SP,null
438,2023-05-23T14:42:04.000+0000,FALSE,SP,Salve!
439,2023-05-23T14:42:40.000+0000,FALSE,PR,T√£o contratando ajudante de pizzaiolo?
440,2023-05-23T14:50:20.000+0000,TRUE,PE,"que a pizza chegue quentinha na minha casa, por favor"
441,2023-05-23T14:52:15.000+0000,TRUE,SP,null
442,2023-05-23T14:59:21.000+0000,TRUE,PR,Fiquei com fome respondendo esse formul√°rio...
443,2023-05-23T15:00:49.000+0000,TRUE,RJ,"Faltou o ""Frango com catupiry"" =("
444,2023-05-23T15:06:49.000+0000,FALSE,SP,Vai ter sorteio de vale-pizza para os participantes?
445,2023-05-23T15:23:50.000+0000,TRUE,SC,Caprichem no recheio
446,2023-05-23T15:24:52.000+0000,TRUE,MG,null
447,2023-05-23T15:39:55.000+0000,TRUE,RS,null
448,2023-05-23T16:09:31.000+0000,TRUE,BA,null
449,2023-05-23T16:09:54.000+0000,TRUE,CE,null
450,2023-05-23T16:21:23.000+0000,TRUE,RN,Vai!!!!!!!
451,2023-05-23T16:28:36.000+0000,TRUE,DF,null
452,2023-05-23T16:28:51.000+0000,FALSE,PR,null
453,2023-05-23T16:30:02.000+0000,FALSE,SP,Boa pizza!
454,2023-05-23T16:58:56.000+0000,FALSE,SP,null
455,2023-05-23T17:06:49.000+0000,FALSE,SP,puta falta de sacanagem so tenho 13 reais no vr (minhadona aqui) e vcs vem com PIZZA p ensinar a n√£o √© possiver
456,2023-05-23T17:28:20.000+0000,FALSE,SP,Bora pra cima
457,2023-05-23T17:29:33.000+0000,TRUE,MG,Capricha!
458,2023-05-23T17:45:45.000+0000,FALSE,MG,null
459,2023-05-23T17:47:47.000+0000,FALSE,SP,null
460,2023-05-23T17:52:52.000+0000,FALSE,SP,null
461,2023-05-23T17:54:04.000+0000,TRUE,AM,Vamos nessa! E fazer a melhor pizza do mundo.
462,2023-05-23T18:16:10.000+0000,FALSE,PE,"Preparem a larica, que eu t√¥ chegando com o salve!"
463,2023-05-23T18:20:54.000+0000,TRUE,PE,Faltou o ingrediente molho de tomate kkkkk S2
464,2023-05-23T18:22:00.000+0000,FALSE,CE,null
465,2023-05-23T18:29:34.000+0000,TRUE,CE,null
466,2023-05-23T18:30:49.000+0000,TRUE,RJ,Gratid√£o!
467,2023-05-23T18:36:52.000+0000,FALSE,CE,null
468,2023-05-23T18:46:33.000+0000,FALSE,SP,null
469,2023-05-23T18:48:19.000+0000,TRUE,RJ,null
470,2023-05-23T18:51:26.000+0000,FALSE,SP,n√£o queima a parte de baixo
471,2023-05-23T18:51:49.000+0000,TRUE,ES,null
472,2023-05-23T18:52:26.000+0000,TRUE,ES,"SELECT fAprendizado FROM melhorlivedemaio"""
473,2023-05-23T19:01:13.000+0000,TRUE,ES,Boa sorte rs
474,2023-05-23T19:06:55.000+0000,FALSE,SP,null
475,2023-05-23T19:15:55.000+0000,FALSE,SP,Bora por a m√£o na massa!
476,2023-05-23T19:16:40.000+0000,FALSE,SP,#PIZZATIME...VAIII
477,2023-05-23T19:19:53.000+0000,TRUE,SP,null
478,2023-05-23T19:46:20.000+0000,FALSE,SP,Ketchup na pizza √© crime!!!!
479,2023-05-23T19:57:53.000+0000,FALSE,PE,null
480,2023-05-23T20:06:44.000+0000,FALSE,SE,null
481,2023-05-23T20:12:45.000+0000,TRUE,SC,<3
482,2023-05-23T20:19:54.000+0000,TRUE,RS,null
483,2023-05-23T20:32:08.000+0000,FALSE,MS,Borda com cerveja
484,2023-05-23T20:44:26.000+0000,TRUE,PR,null
485,2023-05-23T21:36:47.000+0000,TRUE,SP,null
486,2023-05-23T21:54:17.000+0000,TRUE,SP,Capricha nos recheios
487,2023-05-23T22:00:32.000+0000,FALSE,SP,Massa bem passada e SQL turbinado Tela
488,2023-05-23T22:42:55.000+0000,FALSE,PE,null
489,2023-05-23T23:06:20.000+0000,TRUE,RJ,A semana vai terminar em pizza?!! ;)
490,2023-05-23T23:23:55.000+0000,FALSE,BA,null
491,2023-05-23T23:25:47.000+0000,TRUE,SP,Fa√ßa bem feito! haha
492,2023-05-24T01:04:04.000+0000,FALSE,PR,Quero
493,2023-05-24T02:47:07.000+0000,TRUE,MG,Bem dourada!
494,2023-05-24T04:34:21.000+0000,TRUE,CE,Voc√™s s√£o demais.  Vaiiii
495,2023-05-24T05:54:25.000+0000,FALSE,SP,Faltou o exilados da gringa no estado que voc√™ mora rsrsrs ansioso pro treinamento!
496,2023-05-24T06:01:54.000+0000,TRUE,PB,null
497,2023-05-24T07:01:14.000+0000,TRUE,SP,null
498,2023-05-24T07:09:16.000+0000,TRUE,RJ,null
499,2023-05-24T07:49:26.000+0000,FALSE,DF,Arriba! Andale
500,2023-05-24T07:58:28.000+0000,TRUE,SP,No capricho. Fome de conhecimento
501,2023-05-24T08:03:39.000+0000,FALSE,SC,Deixa a massa bem no ponto sem deixar passar o restante dos ingredientes
502,2023-05-24T08:11:39.000+0000,TRUE,MG,Vcs s√£o foda!
503,2023-05-24T08:51:36.000+0000,FALSE,SP,null
504,2023-05-24T09:01:14.000+0000,FALSE,SP,To com fome
505,2023-05-24T09:06:34.000+0000,FALSE,SP,Voc√™s s√£o uns lindos
506,2023-05-24T09:10:27.000+0000,FALSE,RS,Fatiar a pizza em apenas quatro partes.
507,2023-05-24T09:19:18.000+0000,FALSE,MG,null
508,2023-05-24T09:21:58.000+0000,TRUE,PR,null
509,2023-05-24T09:27:08.000+0000,TRUE,SE,Capricha no catupiry.
510,2023-05-24T09:41:20.000+0000,TRUE,SP,"Bora para cima mano, √© nois!!!"
511,2023-05-24T09:44:14.000+0000,TRUE,CE,null
512,2023-05-24T10:20:14.000+0000,TRUE,SP,A pizza vai ser brinde?? Ahaha
513,2023-05-24T10:41:24.000+0000,TRUE,SP,Queremos desconto
514,2023-05-24T11:05:22.000+0000,TRUE,SP,Capricha na borda!
515,2023-05-24T11:26:13.000+0000,FALSE,MG,null
516,2023-05-24T11:27:32.000+0000,FALSE,DF,null
517,2023-05-24T11:45:57.000+0000,FALSE,SP,null
518,2023-05-24T12:00:36.000+0000,FALSE,MG,"Parab√©ns por mais essa iniciativa, e fogo nos racistas!"
519,2023-05-24T12:01:57.000+0000,FALSE,SP,null
520,2023-05-24T12:14:18.000+0000,FALSE,SP,"Capricha no recheio, por favor."
521,2023-05-24T12:23:48.000+0000,TRUE,BA,null
522,2023-05-24T12:42:01.000+0000,TRUE,BA,Que massa!!!
523,2023-05-24T12:50:06.000+0000,TRUE,MG,null
524,2023-05-24T12:56:37.000+0000,TRUE,SP,Sacanagem ter que preencher isso aqui na hora do almo√ßo! hahaha
525,2023-05-24T13:19:23.000+0000,TRUE,GO,null
526,2023-05-24T13:24:36.000+0000,FALSE,SP,Teo me Why!!!!!!
527,2023-05-24T13:27:05.000+0000,TRUE,PR,"Capricha no abacaxi, pleaaseee"
528,2023-05-24T13:28:25.000+0000,TRUE,RJ,null
529,2023-05-24T13:28:57.000+0000,FALSE,SP,null
530,2023-05-24T13:29:03.000+0000,FALSE,PE,null
531,2023-05-24T13:29:24.000+0000,FALSE,SP,null
532,2023-05-24T13:29:39.000+0000,FALSE,SP,null
533,2023-05-24T13:29:55.000+0000,FALSE,SC,√â a pizza dos meus sonhos
534,2023-05-24T13:30:01.000+0000,TRUE,SP,null
535,2023-05-24T13:30:21.000+0000,FALSE,SP,"Na parte do ingrediente 5, por favor trocar o roquefort por gorgonzola, por favor."
536,2023-05-24T13:30:27.000+0000,TRUE,SE,null
537,2023-05-24T13:31:14.000+0000,FALSE,SP,Capricha!
538,2023-05-24T13:31:20.000+0000,TRUE,PR,null
539,2023-05-24T13:31:39.000+0000,FALSE,CE,"Parabens pelo trabalho, galera!"
540,2023-05-24T13:31:48.000+0000,FALSE,SP,Vcs s√£o foda!
541,2023-05-24T13:32:04.000+0000,TRUE,PR,Capricha!
542,2023-05-24T13:32:11.000+0000,TRUE,BA,null
543,2023-05-24T13:32:24.000+0000,FALSE,SP,Capricha na cebola por gentileza
544,2023-05-24T13:32:37.000+0000,FALSE,SP,null
545,2023-05-24T13:33:06.000+0000,FALSE,SC,null
546,2023-05-24T13:33:14.000+0000,FALSE,SP,Voc√™s fazem um trabalho bom demais
547,2023-05-24T13:33:26.000+0000,TRUE,SP,null
548,2023-05-24T13:33:29.000+0000,TRUE,SP,null
549,2023-05-24T13:33:42.000+0000,TRUE,SP,Capricha na azeitona
550,2023-05-24T13:33:57.000+0000,FALSE,PE,null
551,2023-05-24T13:34:23.000+0000,FALSE,SP,null
552,2023-05-24T13:34:30.000+0000,FALSE,ES,null
553,2023-05-24T13:34:41.000+0000,TRUE,PE,Quero que chegue quentinha !
554,2023-05-24T13:35:00.000+0000,TRUE,SP,null
555,2023-05-24T13:35:06.000+0000,FALSE,MG,Senti falta da op√ß√£o presunto parma!!
556,2023-05-24T13:35:16.000+0000,FALSE,DF,null
557,2023-05-24T13:35:24.000+0000,TRUE,CE,null
558,2023-05-24T13:35:58.000+0000,FALSE,PE,"Escreve ""Te amo"" com ketchup, por favor. √â pra minha namorada."
559,2023-05-24T13:36:08.000+0000,FALSE,SP,Faltou manjeric√£o!
560,2023-05-24T13:36:18.000+0000,FALSE,RJ,null
561,2023-05-24T13:36:30.000+0000,FALSE,ES,Sucesso nessa nova pizzaria! Capricha no queijo
562,2023-05-24T13:36:47.000+0000,TRUE,SP,Capricha.
563,2023-05-24T13:36:51.000+0000,FALSE,MG,"Sem cebola, sou al√©rgico"
564,2023-05-24T13:37:03.000+0000,FALSE,SP,Capricha na cebola!
565,2023-05-24T13:37:08.000+0000,FALSE,SP,null
566,2023-05-24T13:37:19.000+0000,TRUE,PE,Pode caprichar no queijo
567,2023-05-24T13:37:52.000+0000,FALSE,SP,Fique com fominha ... e agora ? Quanto tempo a entrega ?
568,2023-05-24T13:38:35.000+0000,FALSE,SP,null
569,2023-05-24T13:39:12.000+0000,FALSE,MS,"Massa crocante, nada de queimado nas bordas."
570,2023-05-24T13:39:12.000+0000,TRUE,CE,null
571,2023-05-24T13:39:15.000+0000,FALSE,SP,null
572,2023-05-24T13:39:44.000+0000,FALSE,SP,Muito legal!
573,2023-05-24T13:39:54.000+0000,TRUE,AL,null
574,2023-05-24T13:40:02.000+0000,FALSE,BA,Voc√™s s√£o fod@!
575,2023-05-24T13:40:04.000+0000,FALSE,SP,Espero que a pergunta sobre o ketchup seja para julgamento!!!!!!!!!
576,2023-05-24T13:40:43.000+0000,FALSE,SP,Manda pizza!
577,2023-05-24T13:41:07.000+0000,TRUE,SP,null
578,2023-05-24T13:41:30.000+0000,TRUE,SP,N√£o
579,2023-05-24T13:41:43.000+0000,TRUE,RJ,Ketchup na pizza sim üòä
580,2023-05-24T13:41:53.000+0000,TRUE,RJ,Capricha no molho de tomate kkk
581,2023-05-24T13:42:05.000+0000,TRUE,DF,Faltou aquela pizza doce :)
582,2023-05-24T13:42:06.000+0000,FALSE,SP,Faltou manjeric√£o. Boa aula!
583,2023-05-24T13:42:42.000+0000,FALSE,SP,null
584,2023-05-24T13:43:14.000+0000,FALSE,SP,null
585,2023-05-24T13:43:28.000+0000,TRUE,SP,"Por favor, capricha no recheio chefe!"
586,2023-05-24T13:43:39.000+0000,TRUE,ES,Pode caprichar na borda e no Bacon
587,2023-05-24T13:43:51.000+0000,FALSE,BA,Parab√©ns pelo trampo!
588,2023-05-24T13:44:01.000+0000,FALSE,SP,Obrigado por contribu√≠rem tanto para a comunidade!
589,2023-05-24T13:44:02.000+0000,FALSE,SP,null
590,2023-05-24T13:44:13.000+0000,TRUE,RJ,Parab√©ns!!
591,2023-05-24T13:44:15.000+0000,FALSE,SP,"sacanagem responder esse forms, deu fome hahahah"
592,2023-05-24T13:44:25.000+0000,FALSE,SP,null
593,2023-05-24T13:44:47.000+0000,TRUE,RJ,Boas fornadas!!
594,2023-05-24T13:44:48.000+0000,FALSE,SP,null
595,2023-05-24T13:44:52.000+0000,FALSE,RS,#venceremos
596,2023-05-24T13:45:16.000+0000,TRUE,RJ,null
597,2023-05-24T13:45:25.000+0000,FALSE,DF,Que seja assada no forno de lenha!
598,2023-05-24T13:45:25.000+0000,TRUE,GO,"Faltou borda de chocolate, em"
599,2023-05-24T13:45:29.000+0000,TRUE,SC,Dobro de recheio
600,2023-05-24T13:46:35.000+0000,FALSE,SP,null
601,2023-05-24T13:46:53.000+0000,FALSE,SP,null
602,2023-05-24T13:47:02.000+0000,FALSE,RS,Prepara a pizza para viagem!
603,2023-05-24T13:47:03.000+0000,TRUE,PR,null
604,2023-05-24T13:47:46.000+0000,FALSE,SP,null
605,2023-05-24T13:47:56.000+0000,FALSE,SP,null
606,2023-05-24T13:49:17.000+0000,FALSE,MG,null
607,2023-05-24T13:49:19.000+0000,TRUE,SP,"Por Favor, sem cebola, em hip√≥tese nenhuma!"
608,2023-05-24T13:49:34.000+0000,FALSE,SP,Sem cebola kkk
609,2023-05-24T13:50:25.000+0000,FALSE,SP,null
610,2023-05-24T13:50:43.000+0000,FALSE,RJ,#Vaai!!
611,2023-05-24T13:51:33.000+0000,FALSE,PB,"massa bem tostada, por favor."
612,2023-05-24T13:51:35.000+0000,FALSE,PR,Continuem mandando esse conte√∫do de qualidade manos!
613,2023-05-24T13:51:42.000+0000,FALSE,SP,Gosto da massa mais ao ponto n√£o gosto dela crocante
614,2023-05-24T13:51:48.000+0000,TRUE,DF,Faz um portuguesa
615,2023-05-24T13:51:57.000+0000,TRUE,AL,N√£o queimem a pizza
616,2023-05-24T13:52:16.000+0000,TRUE,RJ,null
617,2023-05-24T13:52:16.000+0000,FALSE,AL,o/
618,2023-05-24T13:52:30.000+0000,TRUE,RN,null
619,2023-05-24T13:52:35.000+0000,TRUE,MG,null
620,2023-05-24T13:52:46.000+0000,TRUE,RJ,Capricha no milho
621,2023-05-24T13:53:18.000+0000,FALSE,RJ,Amo voc√™s!
622,2023-05-24T13:53:18.000+0000,FALSE,DF,null
623,2023-05-24T13:53:27.000+0000,FALSE,MT,T√¥ com fomeee!
624,2023-05-24T13:53:38.000+0000,FALSE,RN,null
625,2023-05-24T13:53:53.000+0000,FALSE,SP,Muito obrigado!
626,2023-05-24T13:53:54.000+0000,FALSE,SP,null
627,2023-05-24T13:54:01.000+0000,FALSE,SP,null
628,2023-05-24T13:54:23.000+0000,FALSE,MG,null
629,2023-05-24T13:54:50.000+0000,FALSE,PR,√Ågua sem G√°s
630,2023-05-24T13:55:08.000+0000,TRUE,PE,null
631,2023-05-24T13:55:34.000+0000,TRUE,SC,oiee
632,2023-05-24T13:56:29.000+0000,TRUE,MT,null
633,2023-05-24T13:56:30.000+0000,FALSE,RJ,tomate seco caseiro feito no forno
634,2023-05-24T13:57:03.000+0000,FALSE,SP,Capricha no queijo
635,2023-05-24T13:58:05.000+0000,FALSE,DF,"Fa√ßa a pizza com muito amor e update, sem esquecer de quando fazer delete antes do where coloque o not no meu cora√ß√£o."
636,2023-05-24T13:58:30.000+0000,FALSE,PR,VAAAAAAI
637,2023-05-24T13:59:24.000+0000,TRUE,CE,null
638,2023-05-24T13:59:29.000+0000,TRUE,PE,null
639,2023-05-24T13:59:33.000+0000,TRUE,MG,SEUS LINDOOOOOSSSSSSS
640,2023-05-24T14:00:16.000+0000,TRUE,SP,Suco sem a√ß√∫car
641,2023-05-24T14:00:31.000+0000,TRUE,SC,null
642,2023-05-24T14:01:56.000+0000,FALSE,SP,null
643,2023-05-24T14:02:05.000+0000,FALSE,AL,Somente os parab√©ns !
644,2023-05-24T14:03:01.000+0000,TRUE,PR,Capricha nessa üçï
645,2023-05-24T14:03:13.000+0000,TRUE,CE,Vai da Bom!!!
646,2023-05-24T14:03:24.000+0000,TRUE,SP,Conseguem entregar at√© √†s 21hs?! Valeuuuu
647,2023-05-24T14:03:41.000+0000,FALSE,SP,Hip√≥tese 1: alto √≠ndice de ketchup em RJ rsrs
648,2023-05-24T14:03:47.000+0000,FALSE,SP,null
649,2023-05-24T14:04:26.000+0000,FALSE,PR,null
650,2023-05-24T14:04:49.000+0000,FALSE,RS,capricha mestre üôåüôå
651,2023-05-24T14:04:49.000+0000,FALSE,SP,null
652,2023-05-24T14:05:48.000+0000,TRUE,SP,null
653,2023-05-24T14:06:13.000+0000,TRUE,GO,null
654,2023-05-24T14:06:17.000+0000,TRUE,AC,para entregar na rua do calvo no acre
655,2023-05-24T14:07:06.000+0000,TRUE,PR,Parab√©ns pelo baita trabalho
656,2023-05-24T14:07:16.000+0000,FALSE,PE,Vcs s√£o demais! Agradecida por mais essa oportunidade de evolu√ß√£o! Mais um treinamento no capricho! <3
657,2023-05-24T14:07:24.000+0000,TRUE,RN,Caprichem!!
658,2023-05-24T14:07:36.000+0000,TRUE,RJ,null
659,2023-05-24T14:08:15.000+0000,FALSE,RR,N√£o vou pagar entrega
660,2023-05-24T14:08:15.000+0000,TRUE,DF,null
661,2023-05-24T14:08:36.000+0000,FALSE,RS,null
662,2023-05-24T14:09:08.000+0000,FALSE,MS,Bora assar essas pizzas!!!!!
663,2023-05-24T14:09:43.000+0000,TRUE,SP,Null
664,2023-05-24T14:10:05.000+0000,FALSE,PB,S2
665,2023-05-24T14:10:14.000+0000,TRUE,BA,null
666,2023-05-24T14:10:43.000+0000,TRUE,PR,Voc√™s s√£o sensacionais!!
667,2023-05-24T14:10:43.000+0000,FALSE,MG,"Favor, n√£o empinar a moto durante a entrega"
668,2023-05-24T14:11:07.000+0000,TRUE,BA,Vc √© foda
669,2023-05-24T14:12:25.000+0000,TRUE,PE,se chegar fria eu n√£o pago !!
670,2023-05-24T14:13:43.000+0000,TRUE,SP,Sucesso!
671,2023-05-24T14:14:23.000+0000,FALSE,MG,null
672,2023-05-24T14:14:33.000+0000,FALSE,SP,"Gelim√£o no copo, por favor"
673,2023-05-24T14:14:33.000+0000,FALSE,SP,null
674,2023-05-24T14:15:08.000+0000,FALSE,PR,null
675,2023-05-24T14:16:10.000+0000,TRUE,SP,null
676,2023-05-24T14:16:10.000+0000,FALSE,SC,null
677,2023-05-24T14:16:32.000+0000,TRUE,MG,null
678,2023-05-24T14:16:34.000+0000,FALSE,PR,null
679,2023-05-24T14:17:20.000+0000,TRUE,SP,null
680,2023-05-24T14:18:32.000+0000,FALSE,PR,null
681,2023-05-24T14:18:50.000+0000,TRUE,PE,Capricha no recheio! ;)
682,2023-05-24T14:19:13.000+0000,FALSE,SP,"Fala se t√° solteiro, Teo"
683,2023-05-24T14:19:13.000+0000,TRUE,SP,Mama Mia!!
684,2023-05-24T14:20:11.000+0000,FALSE,SP,Um abra√ßo pro T√©o!
685,2023-05-24T14:20:19.000+0000,TRUE,PR,null
686,2023-05-24T14:21:07.000+0000,FALSE,SP,null
687,2023-05-24T14:21:08.000+0000,FALSE,SP,Capricha!
688,2023-05-24T14:21:14.000+0000,FALSE,BA,Ansiosa pelo meu pedido!
689,2023-05-24T14:21:35.000+0000,TRUE,ES,null
690,2023-05-24T14:21:36.000+0000,TRUE,RS,null
691,2023-05-24T14:21:53.000+0000,FALSE,SP,null
692,2023-05-24T14:22:08.000+0000,TRUE,ES,null
693,2023-05-24T14:23:14.000+0000,TRUE,SC,null
694,2023-05-24T14:23:53.000+0000,FALSE,CE,Demora muito?
695,2023-05-24T14:24:57.000+0000,TRUE,RS,Gosto da pizza bem tostada!
696,2023-05-24T14:25:30.000+0000,FALSE,SP,null
697,2023-05-24T14:26:07.000+0000,FALSE,PR,R√°pido que deu fome aqui.
698,2023-05-24T14:26:40.000+0000,TRUE,ES,Troco pra R$ 100 por favor.
699,2023-05-24T14:27:11.000+0000,FALSE,SP,null
700,2023-05-24T14:28:29.000+0000,FALSE,SP,null
701,2023-05-24T14:29:54.000+0000,TRUE,AM,"Lindos, por favor usem touca e luvas."
702,2023-05-24T14:30:28.000+0000,FALSE,PB,"Sou seu f√£, Teo!"
703,2023-05-24T14:31:08.000+0000,TRUE,MG,null
704,2023-05-24T14:31:23.000+0000,FALSE,RS,null
705,2023-05-24T14:33:11.000+0000,TRUE,SP,null
706,2023-05-24T14:35:39.000+0000,FALSE,RN,üöÄ
707,2023-05-24T14:36:36.000+0000,FALSE,SP,null
708,2023-05-24T14:38:30.000+0000,TRUE,CE,Gosto muito das iniciativas de voc√™s
709,2023-05-24T14:39:16.000+0000,TRUE,TO,Continuem contribuindo com o mundo de dados ‚ù§Ô∏è
710,2023-05-24T14:40:10.000+0000,FALSE,RJ,null
711,2023-05-24T14:40:20.000+0000,FALSE,SP,Voc√™s s√£o os melhores~ \o/
712,2023-05-24T14:40:52.000+0000,FALSE,SP,null
713,2023-05-24T14:41:45.000+0000,TRUE,SP,null
714,2023-05-24T14:41:58.000+0000,TRUE,RS,null
715,2023-05-24T14:42:01.000+0000,FALSE,SE,Faz um gr√°fico de pizza caprichado a√≠
716,2023-05-24T14:42:34.000+0000,TRUE,GO,Que as pizzas de voc√™s possam gerar muito conhecimento.
717,2023-05-24T14:42:41.000+0000,FALSE,SP,null
718,2023-05-24T14:43:36.000+0000,TRUE,SP,null
719,2023-05-24T14:44:15.000+0000,TRUE,SP,null
720,2023-05-24T14:44:35.000+0000,FALSE,GO,N√£o use ketchup na pizza
721,2023-05-24T14:44:45.000+0000,FALSE,SP,"Cara, que fome! N√£o se acha pizza com alcaparra no fim de mundo onde habito. Voc√™s s√£o maravilhosos!"""
722,2023-05-24T14:46:37.000+0000,TRUE,SP,N√£o deixar o ketchup encostar na beterraba.
723,2023-05-24T14:48:00.000+0000,TRUE,MG,"N√£o pude pedir minha pizza de chocolate com queijo, mas se tiverem chocolate pode trocar por qualquer ingrediente, incluindo massa e borda üòá"
724,2023-05-24T14:48:19.000+0000,FALSE,SP,Por favor de uma leve tostada na borda.
725,2023-05-24T14:50:42.000+0000,FALSE,SP,null
726,2023-05-24T14:50:48.000+0000,TRUE,RO,O T√©o parece o Leo do Supercombo
727,2023-05-24T14:51:15.000+0000,FALSE,BA,null
728,2023-05-24T14:52:04.000+0000,FALSE,CE,Borda bem recheada por favor.
729,2023-05-24T14:52:13.000+0000,FALSE,RJ,null
730,2023-05-24T14:52:45.000+0000,FALSE,RS,Por enquanto n√£o. :D
731,2023-05-24T14:53:27.000+0000,FALSE,PR,null
732,2023-05-24T14:55:06.000+0000,FALSE,MG,"Por favor, mandar um abra√ßo para o meu amigo Fazueli"
733,2023-05-24T14:55:44.000+0000,FALSE,SP,"Massa bem assada por favor e inserir no menu de op√ß√µes borda doce, aka, chocolate!"
734,2023-05-24T14:56:21.000+0000,FALSE,SC,N√£o esque√ßa o molho de tomate!
735,2023-05-24T14:57:14.000+0000,FALSE,SP,null
736,2023-05-24T14:57:22.000+0000,FALSE,SP,null
737,2023-05-24T14:57:52.000+0000,TRUE,RN,null
738,2023-05-24T14:59:38.000+0000,TRUE,SP,null
739,2023-05-24T14:59:40.000+0000,FALSE,AL,Pq pepperoni est√° em primeiro lugar na lista de ingredientes? kkkkkk
740,2023-05-24T15:01:03.000+0000,FALSE,SP,null
741,2023-05-24T15:02:48.000+0000,FALSE,SP,null
742,2023-05-24T15:03:03.000+0000,FALSE,AL,null
743,2023-05-24T15:03:28.000+0000,TRUE,PA,null
744,2023-05-24T15:04:20.000+0000,TRUE,RS,Boa sorte!!
745,2023-05-24T15:04:26.000+0000,TRUE,SC,null
746,2023-05-24T15:04:48.000+0000,TRUE,SP,null
747,2023-05-24T15:05:11.000+0000,TRUE,RJ,null
748,2023-05-24T15:05:36.000+0000,TRUE,MG,null
749,2023-05-24T15:05:41.000+0000,TRUE,SP,Bolsonaro na cadeia!
750,2023-05-24T15:06:36.000+0000,FALSE,PE,null
751,2023-05-24T15:07:16.000+0000,FALSE,SP,null
752,2023-05-24T15:07:32.000+0000,TRUE,MG,Em busca do top 1 f√£ e Disc√≠pulo do Teo e ser aluno linuxtips
753,2023-05-24T15:08:14.000+0000,TRUE,MG,No ponto!
754,2023-05-24T15:08:20.000+0000,FALSE,RJ,null
755,2023-05-24T15:09:01.000+0000,FALSE,SE,null
756,2023-05-24T15:09:05.000+0000,FALSE,SP,null
757,2023-05-24T15:09:27.000+0000,FALSE,MG,null
758,2023-05-24T15:09:59.000+0000,FALSE,SP,null
759,2023-05-24T15:10:16.000+0000,TRUE,SC,null
760,2023-05-24T15:10:42.000+0000,FALSE,RS,Capricha no queijo!
761,2023-05-24T15:10:44.000+0000,FALSE,CE,You rock!
762,2023-05-24T15:12:07.000+0000,TRUE,MG,Gostaria de uma pizza de cupim ao alho mas nao achei os ingrediente :(
763,2023-05-24T15:12:21.000+0000,TRUE,SP,"Por favor agilize a fabrica√ß√£o, pois estou com fome!!!!! Obrigada :)"
764,2023-05-24T15:13:13.000+0000,FALSE,SP,null
765,2023-05-24T15:13:36.000+0000,FALSE,SP,Jeff me beija
766,2023-05-24T15:13:54.000+0000,FALSE,RN,null
767,2023-05-24T15:14:37.000+0000,TRUE,PE,Voc√™s s√£o FODAS! ‚ù§Ô∏è
768,2023-05-24T15:15:26.000+0000,FALSE,PR,Caaapricha chefia!
769,2023-05-24T15:15:26.000+0000,FALSE,RS,null
770,2023-05-24T15:15:46.000+0000,FALSE,SP,Vcs s√£o os caras
771,2023-05-24T15:17:56.000+0000,TRUE,BA,null
772,2023-05-24T15:19:03.000+0000,TRUE,RS,null
773,2023-05-24T15:19:29.000+0000,TRUE,MG,Capricha nos ingredientes que o boi √© grande!
774,2023-05-24T15:20:06.000+0000,TRUE,CE,null
775,2023-05-24T15:21:38.000+0000,FALSE,SC,null
776,2023-05-24T15:22:14.000+0000,FALSE,PR,null
777,2023-05-24T15:22:29.000+0000,TRUE,SP,null
778,2023-05-24T15:22:39.000+0000,TRUE,SC,null
779,2023-05-24T15:23:13.000+0000,FALSE,RS,null
780,2023-05-24T15:23:30.000+0000,FALSE,SP,Desenha um goku na caixa da pizz
781,2023-05-24T15:24:11.000+0000,FALSE,MG,null
782,2023-05-24T15:24:16.000+0000,FALSE,SP,"M√£e, eu to ao vivo na twitch.tv/teomewhy"
783,2023-05-24T15:24:21.000+0000,FALSE,RS,Capricha no queijo!
784,2023-05-24T15:24:53.000+0000,TRUE,SP,null
785,2023-05-24T15:25:59.000+0000,FALSE,SP,null
786,2023-05-24T15:27:10.000+0000,FALSE,RJ,null
787,2023-05-24T15:27:50.000+0000,TRUE,RS,Baita conteudooooo!
788,2023-05-24T15:29:57.000+0000,TRUE,PR,null
789,2023-05-24T15:31:02.000+0000,TRUE,PE,null
790,2023-05-24T15:31:25.000+0000,FALSE,SP,null
791,2023-05-24T15:32:08.000+0000,FALSE,PR,null
792,2023-05-24T15:32:12.000+0000,FALSE,RJ,"Continuem com esse trabalho sensacional, a comunidade agradece!"
793,2023-05-24T15:32:21.000+0000,TRUE,GO,null
794,2023-05-24T15:33:00.000+0000,FALSE,PR,null
795,2023-05-24T15:34:11.000+0000,TRUE,ES,null
796,2023-05-24T15:34:33.000+0000,TRUE,PR,null
797,2023-05-24T15:34:56.000+0000,FALSE,RS,Vou querer uma fatia da pizza na hora da aula!
798,2023-05-24T15:36:11.000+0000,TRUE,PR,null
799,2023-05-24T15:36:59.000+0000,FALSE,PB,null
800,2023-05-24T15:37:52.000+0000,FALSE,PB,null
801,2023-05-24T15:38:51.000+0000,TRUE,RJ,null
802,2023-05-24T15:39:28.000+0000,FALSE,SC,Quero pizza vegan!
803,2023-05-24T15:40:28.000+0000,TRUE,SP,null
804,2023-05-24T15:42:15.000+0000,TRUE,BA,null
805,2023-05-24T15:43:52.000+0000,TRUE,SP,Voc√™s s√£o fodas!
806,2023-05-24T15:45:00.000+0000,FALSE,PE,Seria massa jantar essa pizza hoje! S2
807,2023-05-24T15:48:32.000+0000,TRUE,SP,select * from cad_pizza p where p.pizza=‚Äòfrango especial‚Äô
808,2023-05-24T15:48:59.000+0000,TRUE,RJ,null
809,2023-05-24T15:49:00.000+0000,FALSE,SP,null
810,2023-05-24T15:49:41.000+0000,FALSE,SP,"Azeitona preta, por favor."
811,2023-05-24T15:52:46.000+0000,FALSE,RJ,Faltou uma op√ß√£o pra quem n√£o mora no Brasil
812,2023-05-24T15:54:47.000+0000,TRUE,RJ,null
813,2023-05-24T15:55:22.000+0000,FALSE,SP,Tamb√©m sou calvo! #TodosCalvos
814,2023-05-24T15:57:15.000+0000,FALSE,SP,null
815,2023-05-24T15:58:29.000+0000,FALSE,SP,null
816,2023-05-24T15:59:41.000+0000,FALSE,PE,Seria massa jantar essa pizza hoje! S2
817,2023-05-24T15:59:46.000+0000,TRUE,SP,null
818,2023-05-24T16:00:30.000+0000,TRUE,BA,Capricha no recheio campe√£o!!!
819,2023-05-24T16:02:31.000+0000,TRUE,RJ,null
820,2023-05-24T16:04:07.000+0000,FALSE,SP,Bonde da Pizza de SQL!
821,2023-05-24T16:05:15.000+0000,TRUE,PR,null
822,2023-05-24T16:05:40.000+0000,TRUE,ES,Tr√°s um azeite tamb√©m
823,2023-05-24T16:07:23.000+0000,TRUE,BA,Capricha
824,2023-05-24T16:08:04.000+0000,TRUE,RN,"Adicionar borda de Chocolate!! \o/ Vcs s√£o fod@h!! Obrigado por mais um projeto e por fortalecer a comunidade!! üêß"""
825,2023-05-24T16:09:29.000+0000,TRUE,MG,null
826,2023-05-24T16:12:00.000+0000,TRUE,MG,Capricha no queijo Brie!
827,2023-05-24T16:12:38.000+0000,TRUE,PE,N√£o tem combina√ß√£o melhor!
828,2023-05-24T16:13:14.000+0000,TRUE,SP,Bem assada pfv. E pede para o motoboy n√£o chamar a moto no grau
829,2023-05-24T16:14:44.000+0000,TRUE,SP,"Obrigado por contribu√≠rem com uma ""fatia de pizza"" t√£o vasta quanto a de voc√™s!"
830,2023-05-24T16:14:58.000+0000,TRUE,PE,null
831,2023-05-24T16:15:34.000+0000,FALSE,SP,null
832,2023-05-24T16:21:47.000+0000,TRUE,PB,null
833,2023-05-24T16:23:10.000+0000,FALSE,DF,"Quero ver o resultado, hehehehe"
834,2023-05-24T16:24:43.000+0000,TRUE,RJ,null
835,2023-05-24T16:26:08.000+0000,TRUE,PE,Faz o Bond SQL
836,2023-05-24T16:26:16.000+0000,TRUE,MG,null
837,2023-05-24T16:32:40.000+0000,FALSE,SP,"Calabresa e bacon bem passados, por favor (;"
838,2023-05-24T16:33:03.000+0000,FALSE,SP,null
839,2023-05-24T16:35:30.000+0000,FALSE,PR,null
840,2023-05-24T16:37:15.000+0000,TRUE,SP,Que a entrega seja r√°pida! Por favor!
841,2023-05-24T16:40:33.000+0000,FALSE,DF,E olha s√≥ hein?
842,2023-05-24T16:40:37.000+0000,TRUE,SP,Vaiiiiii
843,2023-05-24T16:43:36.000+0000,TRUE,PR,Voc√™s s√£o lindos
844,2023-05-24T16:48:21.000+0000,TRUE,GO,Primeira vez pedindo pizza
845,2023-05-24T16:50:01.000+0000,FALSE,SP,null
846,2023-05-24T16:50:21.000+0000,TRUE,RN,Capriche!!!!
847,2023-05-24T16:52:10.000+0000,TRUE,SP,null
848,2023-05-24T16:56:45.000+0000,FALSE,PR,Meu marido queria uma de quatro queijos mas eu n√£o quero. Ser√° que ceis podem dizer que veio essa por engano?
849,2023-05-24T16:56:59.000+0000,TRUE,SP,"continuem com o incr√≠vel trabalho de voc√™s, formando cada vez mais pizzaiolos ;D"
850,2023-05-24T16:57:00.000+0000,TRUE,MG,null
851,2023-05-24T16:57:36.000+0000,TRUE,MG,Sem cebola por favor
852,2023-05-24T16:57:58.000+0000,FALSE,SP,null
853,2023-05-24T17:01:34.000+0000,TRUE,GO,null
854,2023-05-24T17:02:15.000+0000,FALSE,MG,null
855,2023-05-24T17:04:40.000+0000,FALSE,PR,Voc√™s s√£o fod# demais!!
856,2023-05-24T17:05:28.000+0000,FALSE,RJ,Prazo de entrega √© importante!
857,2023-05-24T17:05:41.000+0000,FALSE,SP,null
858,2023-05-24T17:05:42.000+0000,FALSE,SP,null
859,2023-05-24T17:06:12.000+0000,FALSE,SP,null
860,2023-05-24T17:09:18.000+0000,TRUE,MT,"Moda da Casa, no adicional por favor ü§©"
861,2023-05-24T17:09:42.000+0000,FALSE,SP,Um salve da basedosdados.org
862,2023-05-24T17:10:40.000+0000,FALSE,PE,faltou um queijo vegano :(
863,2023-05-24T17:11:07.000+0000,FALSE,SP,Continuem fazendo o que fazem com amor
864,2023-05-24T17:11:22.000+0000,FALSE,SP,Amassa no catupiry!
865,2023-05-24T17:12:00.000+0000,FALSE,SP,null
866,2023-05-24T17:12:16.000+0000,FALSE,RR,Manda um salve pro Prof. Cuca Beludo
867,2023-05-24T17:13:05.000+0000,TRUE,DF,Vcs s√£o zica!!
868,2023-05-24T17:14:51.000+0000,FALSE,SP,null
869,2023-05-24T17:15:02.000+0000,FALSE,SP,Voc√™s s√£o incr√≠veis!!
870,2023-05-24T17:15:32.000+0000,TRUE,SP,Forte abra√ßo meus queridos!
871,2023-05-24T17:17:45.000+0000,FALSE,SP,Bootcamp de machine learning!
872,2023-05-24T17:18:58.000+0000,TRUE,SC,"Olha essa pizzaria tem nada vegano, decepcionado, mas j√° to aqui n√© ahahahaha"
873,2023-05-24T17:22:08.000+0000,FALSE,SP,null
874,2023-05-24T17:22:58.000+0000,TRUE,DF,Voc√™s s√£o top d+
875,2023-05-24T17:24:51.000+0000,FALSE,SP,Queria saber o que d√° com este questionario
876,2023-05-24T17:25:00.000+0000,TRUE,MG,Vamos combinar pizza e cervejinha
877,2023-05-24T17:28:00.000+0000,TRUE,DF,null
878,2023-05-24T17:29:07.000+0000,FALSE,SP,null
879,2023-05-24T17:30:52.000+0000,TRUE,AM,"Salve vcs s√£o zica demais, abra√ßo!!!"
880,2023-05-24T17:31:14.000+0000,FALSE,PR,O molho de tomate est√° incluso? :s
881,2023-05-24T17:33:46.000+0000,FALSE,SP,Caprichado  como sempre
882,2023-05-24T17:35:56.000+0000,FALSE,RS,Quero cortada em 8 peda√ßos!
883,2023-05-24T17:37:59.000+0000,FALSE,SP,Aguardando a pizza ansiosamente!
884,2023-05-24T17:38:10.000+0000,TRUE,RO,Entregar a pizza quentinha no capricho!
885,2023-05-24T17:40:42.000+0000,FALSE,SP,null
886,2023-05-24T17:43:27.000+0000,TRUE,SP,"O T√©o pode ser calvo, a pizza n√£o! Capricha no recheio ai!"""
887,2023-05-24T17:45:42.000+0000,TRUE,PR,null
888,2023-05-24T17:48:20.000+0000,FALSE,SP,null
889,2023-05-24T17:49:58.000+0000,TRUE,SP,null
890,2023-05-24T17:54:10.000+0000,FALSE,BA,null
891,2023-05-24T17:58:36.000+0000,FALSE,ES,null
892,2023-05-24T17:59:25.000+0000,TRUE,BA,"Venham para o Devops Days Salvador, bjo"
893,2023-05-24T17:59:59.000+0000,TRUE,GO,Vaiiiii!! Sucesso sempre!
894,2023-05-24T18:00:08.000+0000,FALSE,SP,null
895,2023-05-24T18:02:29.000+0000,TRUE,MG,null
896,2023-05-24T18:03:49.000+0000,FALSE,SE,null
897,2023-05-24T18:05:28.000+0000,FALSE,CE,null
898,2023-05-24T18:10:27.000+0000,FALSE,PR,#vai
899,2023-05-24T18:12:58.000+0000,TRUE,RJ,CAPRICHEM!!
900,2023-05-24T18:15:12.000+0000,TRUE,CE,null
901,2023-05-24T18:16:42.000+0000,FALSE,RJ,null
902,2023-05-24T18:17:37.000+0000,TRUE,SP,null
903,2023-05-24T18:18:52.000+0000,FALSE,RJ,Fiquei com vontade de comer pizza agora : (
904,2023-05-24T18:20:32.000+0000,FALSE,SP,null
905,2023-05-24T18:20:56.000+0000,TRUE,RJ,null
906,2023-05-24T18:21:34.000+0000,FALSE,PR,null
907,2023-05-24T18:24:56.000+0000,FALSE,SP,Capricha no recheio!
908,2023-05-24T18:27:17.000+0000,FALSE,SP,"INSERT INTO LINUX_TIPS.LIVE_SQL VALUES (""Muito sucesso!"", ""Iniciativa show de bola"", ""VAI!"")"
909,2023-05-24T18:29:24.000+0000,TRUE,RJ,Muito obrigado pela oportunidade!!
910,2023-05-24T18:30:15.000+0000,TRUE,SP,null
911,2023-05-24T18:30:52.000+0000,FALSE,SP,Pizza monstruosa meus caros
912,2023-05-24T18:32:02.000+0000,FALSE,SP,null
913,2023-05-24T18:34:19.000+0000,TRUE,CE,Voc√™s s√£o Demais!!!!! #vai !!!!!!!!!!
914,2023-05-24T18:35:05.000+0000,FALSE,GO,Vamos!
915,2023-05-24T18:35:20.000+0000,FALSE,SP,Poderia ter pizza quadrada ? kkkk valeu mestres
916,2023-05-24T18:36:10.000+0000,TRUE,MG,Espero que a Live seja proveitosa... UpUpUp!!!
917,2023-05-24T18:37:54.000+0000,TRUE,CE,Cerveja IPA
918,2023-05-24T18:38:28.000+0000,FALSE,SP,"Iniciando a jornada com essa aula, sou 100% leigo sobre o tema. Espero aprender e gostar do tema."""
919,2023-05-24T18:42:14.000+0000,FALSE,SP,null
920,2023-05-24T18:42:43.000+0000,TRUE,DF,null
921,2023-05-24T18:45:24.000+0000,FALSE,RJ,Manda mostarda!!
922,2023-05-24T18:48:07.000+0000,FALSE,RS,Faltou cora√ß√£o de frango nos ingredientes (√© cl√°ssico aqui no RS)
923,2023-05-24T18:48:29.000+0000,TRUE,RJ,null
924,2023-05-24T18:48:49.000+0000,TRUE,SP,Faltou batata frita nos ingredientes - pizza de batata frita √© a melhor
925,2023-05-24T18:49:39.000+0000,FALSE,MG,null
926,2023-05-24T18:50:23.000+0000,FALSE,SP,null
927,2023-05-24T18:55:32.000+0000,TRUE,DF,Sem cebola
928,2023-05-24T19:01:41.000+0000,TRUE,BA,VAAAAAAAAI
929,2023-05-24T19:02:01.000+0000,TRUE,SP,Obrigada por ensinarem!
930,2023-05-24T19:03:18.000+0000,FALSE,SC,VAAAAAIIII
931,2023-05-24T19:03:49.000+0000,TRUE,SP,Capricha na uva passa! =D
932,2023-05-24T19:03:49.000+0000,TRUE,RS,null
933,2023-05-24T19:03:57.000+0000,TRUE,SP,null
934,2023-05-24T19:04:35.000+0000,TRUE,PE,null
935,2023-05-24T19:04:54.000+0000,TRUE,PR,null
936,2023-05-24T19:05:09.000+0000,TRUE,AL,null
937,2023-05-24T19:10:55.000+0000,FALSE,RJ,null
938,2023-05-24T19:14:01.000+0000,TRUE,PR,Topppppp
939,2023-05-24T19:14:13.000+0000,TRUE,SP,"Capricha na massa, fina e deliciosa!"
940,2023-05-24T19:17:16.000+0000,FALSE,SP,null
941,2023-05-24T19:18:54.000+0000,TRUE,MA,Manda uma pizzazinha pra mim
942,2023-05-24T19:20:04.000+0000,TRUE,MG,null
943,2023-05-24T19:22:42.000+0000,FALSE,GO,Mama mia!!
944,2023-05-24T19:23:05.000+0000,FALSE,SP,null
945,2023-05-24T19:23:31.000+0000,TRUE,MG,null
946,2023-05-24T19:23:37.000+0000,TRUE,MS,null
947,2023-05-24T19:23:42.000+0000,TRUE,SP,Voc√™s S√£o F.......%$@
948,2023-05-24T19:24:04.000+0000,TRUE,SP,null
949,2023-05-24T19:24:22.000+0000,TRUE,BA,null
950,2023-05-24T19:24:44.000+0000,FALSE,PE,null
951,2023-05-24T19:25:00.000+0000,FALSE,DF,null
952,2023-05-24T19:25:19.000+0000,TRUE,PB,null
953,2023-05-24T19:25:46.000+0000,TRUE,CE,#TMJ
954,2023-05-24T19:26:06.000+0000,FALSE,RJ,Azeita!
955,2023-05-24T19:26:09.000+0000,TRUE,PE,null
956,2023-05-24T19:26:11.000+0000,FALSE,CE,null
957,2023-05-24T19:26:24.000+0000,TRUE,CE,null
958,2023-05-24T19:26:33.000+0000,TRUE,MA,null
959,2023-05-24T19:28:02.000+0000,TRUE,CE,Muito massa o trabalho que voc√™s fazem! Obrigada!!!
960,2023-05-24T19:28:53.000+0000,FALSE,SP,Exagere no bacon
961,2023-05-24T19:29:38.000+0000,TRUE,GO,null
962,2023-05-24T19:29:40.000+0000,TRUE,CE,null
963,2023-05-24T19:29:48.000+0000,TRUE,GO,"Parab√©ns por proporem isso para a comunidade, vai ajudar muita gente!!"
964,2023-05-24T19:30:21.000+0000,FALSE,SP,null
965,2023-05-24T19:31:38.000+0000,FALSE,SP,Capricha ai meus manos hahahaha vlwww
966,2023-05-24T19:32:00.000+0000,TRUE,MG,null
967,2023-05-24T19:32:33.000+0000,FALSE,SP,Cerveja estupidamente gelada por favor!
968,2023-05-24T19:33:10.000+0000,TRUE,SP,null
969,2023-05-24T19:34:22.000+0000,FALSE,SP,null
970,2023-05-24T19:42:48.000+0000,TRUE,DF,null
971,2023-05-24T19:43:16.000+0000,TRUE,SP,Podemos batizar a pizza de outlier vegetariano?
972,2023-05-24T19:43:50.000+0000,TRUE,SP,null
973,2023-05-24T19:45:38.000+0000,FALSE,SP,"senti falta de alguns ingredientes p.e: frango, champignon"
974,2023-05-24T19:47:07.000+0000,TRUE,RS,Voc√™s s√£o fera demais!
975,2023-05-24T19:48:06.000+0000,TRUE,RJ,"Jeff, tu √© o cara! T√©o conheci agora, mas √© brabo d+"
976,2023-05-24T19:49:02.000+0000,FALSE,CE,null
977,2023-05-24T19:52:12.000+0000,FALSE,SP,s√≥ #VAIIIIIIII
978,2023-05-24T19:52:27.000+0000,TRUE,PR,Aula muito detalhada e completa!!! #VAAIII
979,2023-05-24T19:52:34.000+0000,FALSE,PI,"Faltou a borda de chocolate. Assim, d√° pra pedir uma pizza salgado com borda de chocolate para a sobremesa :p"
980,2023-05-24T19:57:25.000+0000,TRUE,MG,C√äS S√ÉO F*DA! BRIGADA POR TUDO SEMPRE
981,2023-05-24T19:58:07.000+0000,FALSE,SP,n√£o deixa queimar
982,2023-05-24T19:58:32.000+0000,FALSE,SP,null
983,2023-05-24T20:02:10.000+0000,FALSE,SP,Obrigado!
984,2023-05-24T20:03:02.000+0000,FALSE,SP,null
985,2023-05-24T20:05:32.000+0000,TRUE,GO,null
986,2023-05-24T20:06:18.000+0000,FALSE,MS,null
987,2023-05-24T20:06:41.000+0000,TRUE,RN,null
988,2023-05-24T20:06:51.000+0000,FALSE,SP,null
989,2023-05-24T20:07:41.000+0000,FALSE,MG,null
990,2023-05-24T20:09:13.000+0000,FALSE,SP,null
991,2023-05-24T20:10:04.000+0000,TRUE,MA,null
992,2023-05-24T20:10:50.000+0000,TRUE,RS,null
993,2023-05-24T20:14:55.000+0000,TRUE,SP,null
994,2023-05-24T20:15:22.000+0000,TRUE,PE,null
995,2023-05-24T20:15:29.000+0000,TRUE,RN,null
996,2023-05-24T20:15:58.000+0000,TRUE,AL,null
997,2023-05-24T20:16:37.000+0000,FALSE,DF,"Se poss√≠vel, adicionar Manjeric√£o!"
998,2023-05-24T20:17:48.000+0000,TRUE,SC,Sabe muito! üôÖüèΩ‚Äç‚ôÇÔ∏è
999,2023-05-24T20:17:49.000+0000,TRUE,CE,Otimo evento
1000,2023-05-24T20:18:03.000+0000,FALSE,PR,Expectativa para a aula
1001,2023-05-24T20:18:03.000+0000,TRUE,SP,VAIII
1002,2023-05-24T20:18:08.000+0000,FALSE,MG,Excelente pizza a todos n√≥s
1003,2023-05-24T20:18:16.000+0000,TRUE,PE,null
1004,2023-05-24T20:18:32.000+0000,FALSE,PE,Arrocha o n√≥!
1005,2023-05-24T20:18:34.000+0000,TRUE,PB,√â noiz
1006,2023-05-24T20:19:15.000+0000,TRUE,PA,null
1007,2023-05-24T20:20:38.000+0000,FALSE,SP,N√£o
1008,2023-05-24T20:22:45.000+0000,FALSE,BA,null
1009,2023-05-24T20:23:30.000+0000,FALSE,AP,null
1010,2023-05-24T20:23:39.000+0000,FALSE,SC,Hoje tem gol do ribamar
1011,2023-05-24T20:23:48.000+0000,FALSE,SP,Top!
1012,2023-05-24T20:23:58.000+0000,FALSE,BA,N√£o
1013,2023-05-24T20:24:39.000+0000,FALSE,RJ,TMJ
1014,2023-05-24T20:26:01.000+0000,TRUE,MG,Primeira aula
1015,2023-05-24T20:27:07.000+0000,FALSE,RJ,null
1016,2023-05-24T20:27:16.000+0000,FALSE,RJ,To com fome!
1017,2023-05-24T20:27:23.000+0000,FALSE,MA,Capricha meu lindo!
1018,2023-05-24T20:28:59.000+0000,FALSE,SP,null
1019,2023-05-24T20:36:34.000+0000,TRUE,PR,null
1020,2023-05-24T20:36:55.000+0000,TRUE,DF,null
1021,2023-05-24T20:39:55.000+0000,FALSE,SP,Capricha
1022,2023-05-24T20:44:13.000+0000,FALSE,SP,null
1023,2023-05-24T20:54:19.000+0000,TRUE,SP,null
1024,2023-05-24T20:55:22.000+0000,TRUE,SP,"N√£o, j√° acabou a live :v"
1025,2023-05-24T20:59:26.000+0000,FALSE,SP,Capricha
1026,2023-05-24T21:02:47.000+0000,FALSE,SP,null
1027,2023-05-24T21:03:55.000+0000,FALSE,SP,"Amigos, faltou incluir manjeric√£o na lista de ingredientes. Sem ele n√£o deu pra eu montar a pizza perfeita: Marguerita!"
1028,2023-05-24T21:07:11.000+0000,TRUE,SC,foi top!!
1029,2023-05-24T21:09:06.000+0000,FALSE,SC,null
1030,2023-05-24T21:20:26.000+0000,TRUE,SP,null
1031,2023-05-24T21:21:38.000+0000,TRUE,CE,Voc√™s S√£o Demais!!! #VAI !!!!!!
1032,2023-05-24T21:25:31.000+0000,FALSE,SP,Obrigada por passar conhecimento de qualidade e forma gratuita!
1033,2023-05-24T21:35:45.000+0000,FALSE,SP,vai!
1034,2023-05-24T21:36:24.000+0000,TRUE,RJ,null
1035,2023-05-24T21:42:23.000+0000,FALSE,SP,null
1036,2023-05-24T21:43:53.000+0000,TRUE,ES,SQL na Veia!!!
1037,2023-05-24T21:46:42.000+0000,TRUE,PA,I'm hungry!!!
1038,2023-05-24T21:50:44.000+0000,FALSE,MA,Vou ser um ci√™ntista de dados
1039,2023-05-24T21:52:49.000+0000,FALSE,PA,null
1040,2023-05-24T21:59:26.000+0000,TRUE,SP,null
1041,2023-05-24T22:03:01.000+0000,FALSE,SP,Cad√™ o catupiry?
1042,2023-05-24T22:05:47.000+0000,TRUE,MG,"Adicional de uva passa, por favor"
1043,2023-05-24T22:15:14.000+0000,FALSE,ES,Opa
1044,2023-05-24T22:35:44.000+0000,FALSE,SP,null
1045,2023-05-24T22:38:23.000+0000,TRUE,RS,voces sao demais ajudam muitas pessoas
1046,2023-05-24T22:52:47.000+0000,FALSE,SP,Onde √© essa live?
1047,2023-05-24T22:56:06.000+0000,FALSE,SP,null
1048,2023-05-24T23:08:42.000+0000,TRUE,MG,XDD espero aprender bastante com os pizzaiolo
1049,2023-05-24T23:14:59.000+0000,FALSE,SP,null
1050,2023-05-24T23:23:57.000+0000,FALSE,SP,No capricho!
1051,2023-05-25T00:00:10.000+0000,FALSE,RS,S√£o tops
1052,2023-05-25T00:22:50.000+0000,TRUE,BA,null
1053,2023-05-25T01:05:09.000+0000,TRUE,MG,Obrigada! Voc√™s s√£o demais!!!
1054,2023-05-25T01:32:42.000+0000,FALSE,PE,Gooooooo
1055,2023-05-25T01:53:05.000+0000,TRUE,PE,null
1056,2023-05-25T02:19:04.000+0000,TRUE,PI,null
1057,2023-05-25T02:23:56.000+0000,TRUE,RJ,null
1058,2023-05-25T05:00:40.000+0000,TRUE,RJ,null
1059,2023-05-25T05:22:06.000+0000,TRUE,SP,Muito azeite na hora de deployar
1060,2023-05-25T05:28:17.000+0000,FALSE,SP,null
1061,2023-05-25T06:42:22.000+0000,FALSE,SP,A pizza √© feita em forno a lenha?
1062,2023-05-25T06:55:33.000+0000,TRUE,ES,null
1063,2023-05-25T07:27:45.000+0000,FALSE,SP,null
1064,2023-05-25T07:32:17.000+0000,TRUE,TO,null
1065,2023-05-25T07:32:29.000+0000,FALSE,PR,M√£o na massa!
1066,2023-05-25T07:56:39.000+0000,FALSE,SP,Voc√™s s√£o do CRLH!! :-) *Poderia rolar uma massa de fermenta√ß√£o longa!! Grande abra√ßo!
1067,2023-05-25T07:56:45.000+0000,FALSE,RJ,null
1068,2023-05-25T08:05:54.000+0000,FALSE,SP,Entrega em 1h ou a pizza sai de gra√ßa! Topam?
1069,2023-05-25T08:10:37.000+0000,TRUE,RJ,null
1070,2023-05-25T08:31:18.000+0000,FALSE,PR,null
1071,2023-05-25T08:54:49.000+0000,FALSE,SP,null
1072,2023-05-25T10:22:52.000+0000,TRUE,ES,Hmmm pizza gostosa
1073,2023-05-25T10:25:22.000+0000,FALSE,ES,null
1074,2023-05-25T10:31:30.000+0000,FALSE,MG,null
1075,2023-05-25T10:40:07.000+0000,TRUE,BA,Caprichaaaaa hahah
1076,2023-05-25T10:42:00.000+0000,FALSE,SP,cad√™ o molho de tomateeeeee
1077,2023-05-25T10:46:56.000+0000,TRUE,BA,Parab√©ns pela iniciativa! :)
1078,2023-05-25T10:59:16.000+0000,TRUE,CE,Tamo Junto..
1079,2023-05-25T11:12:36.000+0000,FALSE,DF,#VAIII
1080,2023-05-25T11:43:38.000+0000,TRUE,SE,null
1081,2023-05-25T12:24:11.000+0000,FALSE,SP,null
1082,2023-05-25T12:31:36.000+0000,FALSE,SP,null
1083,2023-05-25T12:38:03.000+0000,TRUE,GO,Admiro de mais voc√™s.
1084,2023-05-25T12:55:43.000+0000,TRUE,BA,null
1085,2023-05-25T13:04:46.000+0000,FALSE,RJ,null
1086,2023-05-25T13:23:43.000+0000,TRUE,SP,null
1087,2023-05-25T13:36:20.000+0000,FALSE,SC,Aceita Pix? Muita boa a id√©ia!
1088,2023-05-25T13:38:03.000+0000,FALSE,BA,null
1089,2023-05-25T13:59:41.000+0000,TRUE,BA,null
1090,2023-05-25T14:06:48.000+0000,FALSE,RO,null
1091,2023-05-25T14:22:50.000+0000,TRUE,MG,Falso Calvo
1092,2023-05-25T14:23:32.000+0000,FALSE,RO,null
1093,2023-05-25T15:32:17.000+0000,TRUE,SP,null
1094,2023-05-25T16:06:14.000+0000,FALSE,SP,Massa bem assada
1095,2023-05-25T16:09:06.000+0000,FALSE,GO,Capricha no recheio!
1096,2023-05-25T16:34:44.000+0000,TRUE,SC,Keep doing the great work
1097,2023-05-25T16:35:45.000+0000,FALSE,PR,null
1098,2023-05-25T16:38:01.000+0000,FALSE,PR,Obrigado por tudo caras!!
1099,2023-05-25T16:38:25.000+0000,TRUE,MG,null
1100,2023-05-25T16:45:07.000+0000,TRUE,RJ,null
1101,2023-05-25T16:47:40.000+0000,TRUE,SE,Esse formul√°rio deu fome no meio do expediente! Como fa√ßo pra codar agora???
1102,2023-05-25T16:55:35.000+0000,FALSE,SP,null
1103,2023-05-25T17:07:05.000+0000,FALSE,SP,Bastante queijo
1104,2023-05-25T18:18:02.000+0000,TRUE,SP,null
1105,2023-05-25T18:27:12.000+0000,FALSE,SP,Favor deixar a massa crocante e lave as m√£os.
